date,h1,h2,h3,h4,h5,h6,h7,h8,h9,h10,h11,h12,h13,h14,h15,h16,h17,h18,h19,h20,h21,h22,h23,h24
2024-01-01,57.0,57.0,55.55,38.0,32.0,30.0,30.0,65.0,200.0,246.0,246.0,90.0,90.0,93.0,160.0,600.0,960.0,1210.0,999.0,720.0,470.0,140.0,68.0,70.0
2024-01-02,26.0,11.0,11.0,11.0,11.0,11.01,28.0,205.0,2700.0,3000.0,2489.0,2415.0,2415.0,2489.0,2862.0,2989.0,3200.0,3499.0,3286.0,3200.0,2750.0,2489.0,68.0,70.0
2024-01-03,26.0,20.0,10.0,10.0,10.0,10.0,1000.0,2540.0,3200.0,3600.0,3297.0,2989.0,2900.0,3111.66,3300.0,3400.0,3499.0,3600.0,3600.0,3499.0,3290.0,2900.0,2000.0,1600.0
2024-01-04,2090.0,1995.0,147.0,20.0,10.0,10.0,1995.0,2455.0,2090.0,2300.0,2079.0,2000.0,1880.0,2005.0,2300.0,2500.0,2537.0,2537.0,2537.0,2537.0,2300.0,1650.0,2090.0,2090.0
2024-01-05,2090.0,1600.0,200.0,200.0,100.0,20.0,1200.0,2400.0,2090.0,2100.0,1995.0,1995.0,1992.0,1995.0,2090.0,2900.0,3200.0,2989.0,2989.0,2989.0,2489.0,2090.0,2489.0,2489.0
2024-01-06,2489.0,500.0,63.0,10.0,10.0,10.0,10.0,99.0,99.0,739.0,990.0,739.0,680.0,1799.0,2090.0,2489.0,3000.0,3095.0,3000.0,2600.0,2090.0,1990.0,2090.0,1990.0
2024-01-07,2090.0,1100.0,300.0,87.0,200.0,200.0,200.0,34.0,1750.0,2550.0,2950.0,2989.0,2989.0,2989.0,2989.0,2989.0,3354.0,3650.0,3354.0,3350.0,3354.0,2554.0,2000.0,2060.0
2024-01-08,2599.0,2090.0,1600.0,1000.0,1200.0,2090.0,2734.0,3199.0,4500.0,6277.54,6520.0,5164.0,4948.83,4952.46,4950.04,4951.44,4953.47,6446.5,6417.62,5644.0,5700.0,4100.0,2700.0,2719.0
2024-01-09,2695.0,2500.0,2499.0,2090.0,2090.0,2500.0,2773.77,3354.0,4100.0,4100.0,3354.0,2998.0,2695.0,2700.0,3597.0,4950.0,5588.0,7214.22,6591.0,6529.0,7100.0,5900.0,3200.0,2988.0
2024-01-10,2735.0,2695.0,2695.0,2499.0,2650.0,2695.0,2900.0,3500.0,4950.0,6031.19,4950.0,4000.0,3700.0,4000.0,4950.0,5498.69,5600.0,7213.39,7000.0,6637.0,6837.64,6700.0,4950.0,3000.0
2024-01-11,2800.0,2825.45,2771.37,2755.0,2770.38,2826.63,3000.0,3597.0,5600.0,6667.31,6824.4,5600.0,5600.0,5600.0,5600.0,5600.0,5600.0,6700.0,6365.94,6127.0,6222.8,6688.0,7302.82,3000.0
2024-01-12,2923.15,2851.0,2800.0,2755.0,2755.0,2824.78,3000.0,4300.0,5600.0,4950.0,4200.0,3829.0,3500.0,3597.0,4700.0,5499.53,5600.0,7301.03,7243.43,7000.0,7297.27,7212.69,7198.0,3000.0
2024-01-13,2985.0,2710.0,2697.58,2699.43,2699.3,2697.38,2750.0,3100.0,4000.0,4950.0,4700.0,4098.71,3936.0,3600.0,4100.56,4103.2,4900.0,5600.0,5600.0,5300.0,5600.0,5150.0,4900.0,3000.0
2024-01-14,2720.0,2669.19,2627.85,2620.0,2620.0,2620.0,2620.0,2100.0,3290.0,3820.0,3900.0,3444.0,3310.0,3290.0,3354.0,3597.0,3988.0,4900.0,4950.0,4900.0,4950.0,4900.0,3977.49,3000.0
2024-01-15,2720.0,2499.0,2499.0,2499.0,2499.0,2619.0,2820.97,4588.75,6000.0,4980.0,4400.0,3800.0,3499.0,3400.0,3829.0,4526.09,4900.0,5100.0,5150.0,5029.0,5000.0,4671.0,4028.0,3000.0
2024-01-16,2699.0,2499.0,2499.0,2090.0,2499.0,2699.0,3000.0,4680.0,6000.0,6517.0,5677.0,5000.0,4200.0,4200.0,4488.0,5150.0,5509.0,6500.0,6400.0,6500.0,6400.0,6343.55,4472.04,3000.0
2024-01-17,2750.0,2699.0,2699.0,2699.0,2699.0,2750.0,3000.0,5383.67,6400.0,6074.56,4899.0,4200.0,3748.0,4044.66,4800.0,5600.0,5600.0,7500.0,7200.0,6651.0,6500.0,6204.0,4080.0,3000.0
2024-01-18,2090.0,1499.0,1349.5,998.0,998.0,1080.0,2499.0,3344.0,4500.0,6075.14,5806.41,4854.89,4646.98,4200.0,4500.0,4582.0,4853.21,5200.0,5200.0,4800.0,3790.0,4100.0,2999.0,2900.0
2024-01-19,2680.0,2680.0,2600.0,2499.0,2499.0,2680.0,2808.23,3300.0,4800.0,6451.78,6500.0,5023.45,5024.34,5023.16,5025.41,5025.27,5027.45,5800.0,4950.0,4590.0,4590.0,4200.0,3800.0,2923.38
2024-01-20,2664.0,2400.0,2090.0,2080.0,2080.0,2080.0,2090.0,2080.0,3408.0,3676.0,3690.0,3450.0,3050.0,3050.0,3190.0,3420.0,4184.0,5200.0,5200.0,4950.0,4590.0,4000.0,3500.0,2924.88
2024-01-21,2744.0,2680.0,2499.0,2090.0,2080.0,2011.0,2011.0,1999.0,2689.0,2937.0,2699.0,2688.0,2688.0,2680.0,2699.0,3000.0,4000.0,4500.0,4500.0,4150.0,4200.0,3595.0,3000.0,2850.0
2024-01-22,2720.0,2080.0,2080.0,1960.0,2080.0,2664.0,2917.44,3580.0,4500.0,4299.0,3499.0,2720.0,2720.0,2720.0,3280.0,3799.0,4484.0,5800.0,5150.0,4490.0,3720.0,3500.0,2720.0,2750.0
2024-01-23,2600.0,2090.0,2090.0,2000.0,2090.0,2400.0,2890.0,3941.64,4821.29,6200.0,4800.0,3500.0,3331.0,3495.0,3929.0,4200.0,5000.0,6300.0,6767.52,6100.0,5200.0,4205.0,3100.0,2823.51
2024-01-24,2499.0,2199.0,2199.0,2090.0,2090.0,2400.0,2919.42,4047.0,4678.0,5980.0,4300.0,3495.0,3215.97,3260.0,3260.0,3500.0,4500.0,6100.0,6100.0,4480.0,4500.0,3720.0,2720.0,2499.0
2024-01-25,2499.0,2199.0,2400.0,2078.0,2078.0,2499.0,2715.0,3800.0,4800.0,6848.7,6764.44,4300.0,3953.31,3500.0,3495.0,3787.0,3720.0,5800.0,5590.33,4500.0,3800.0,3500.0,2500.0,2499.0
2024-01-26,1499.0,2078.0,2078.0,1470.0,1560.0,2000.0,2600.0,3760.0,5014.46,6000.0,6000.0,4500.0,4177.0,3800.0,4000.0,4200.0,4300.0,5500.0,5200.0,5200.0,4395.0,3800.0,3200.0,2499.0
2024-01-27,2499.0,2600.0,2499.0,2499.0,2499.0,2311.0,2499.0,2695.0,3760.0,5100.0,5000.0,4406.0,4200.0,3943.23,4000.0,4120.0,4500.0,6300.0,5900.0,5522.19,5900.0,4500.0,4100.0,2840.0
2024-01-28,2499.0,2499.0,2499.0,2499.0,2400.0,1499.0,2078.0,1499.0,2600.0,3300.0,3300.0,2695.0,2582.0,2350.0,2600.0,3000.0,3658.0,4800.0,4950.0,4800.0,4433.0,4000.0,3200.0,2709.0
2024-01-29,2499.0,2090.0,2400.0,2088.0,2400.0,2499.0,2712.0,4184.0,4800.0,5891.56,4800.0,3492.0,2581.9,2695.0,3248.0,3690.0,4864.79,6100.0,6100.0,5800.0,4837.0,4428.0,3200.0,2712.0
2024-01-30,2599.0,2599.0,2599.0,2599.0,2599.0,2650.0,2890.0,4200.0,4800.0,4300.0,3679.0,3367.0,2695.0,2695.0,3248.0,3800.0,4800.0,7100.0,7100.0,6361.0,5800.0,5400.0,3800.0,2840.0
2024-01-31,2599.0,2249.0,2311.0,2249.0,2311.0,2599.0,2795.0,3500.0,3760.0,3950.0,3650.0,2600.0,2450.0,2450.0,3200.0,3450.0,4000.0,5907.37,5887.0,4800.0,4180.0,3995.0,3300.0,2712.0
2024-02-01,2599.0,2249.0,2599.0,2599.0,2599.0,2650.0,2795.0,3300.0,3395.0,2694.0,2249.0,2249.0,2248.0,2248.0,2650.0,2720.0,3500.0,4500.0,4500.0,3948.0,3488.0,3399.0,2988.0,2712.0
2024-02-02,2245.0,2090.0,2244.0,2090.0,2244.0,2244.0,2599.0,3755.0,4635.0,4754.0,3330.0,2750.0,2219.0,2219.0,2690.0,3200.0,3490.0,5150.0,5200.0,4600.0,4600.0,4100.0,3330.0,2245.0
2024-02-03,2599.0,2090.0,2245.0,1400.0,1850.0,888.0,1999.3,3000.0,3700.0,4072.0,4600.0,3447.0,3447.0,3400.0,3330.0,3448.0,3295.0,5200.0,5200.0,5200.0,4550.0,4100.0,3289.0,2245.0
2024-02-04,900.0,2000.0,2000.0,1260.0,1305.0,500.0,688.0,1450.0,2988.0,2854.0,3099.0,2245.0,2090.0,2245.0,2780.0,2245.0,2500.0,4300.0,4500.0,4494.0,3720.0,3440.0,2415.0,1000.0
2024-02-05,200.0,388.0,589.0,497.0,500.0,500.0,2230.0,2600.0,3700.0,4500.0,4283.28,3330.0,2950.0,2780.0,2800.0,3262.0,3100.0,4800.0,5000.0,4700.0,4600.0,4244.0,3330.0,998.0
2024-02-06,2599.0,2599.0,2599.0,2599.0,2599.0,2599.0,2795.0,3320.0,4284.0,3695.0,3500.0,3300.0,2800.0,2800.0,2800.0,3045.0,3500.0,4600.0,4964.63,4500.0,4023.0,3886.0,3500.0,2599.0
2024-02-07,2699.0,2709.0,2699.0,2699.0,2699.0,2699.0,2924.26,3530.0,4193.0,3320.0,2710.0,2599.0,2775.0,2790.0,2549.0,3250.0,3700.0,5200.0,5800.0,5179.99,5031.0,4500.0,3480.0,2825.01
2024-02-08,2712.0,2712.0,2712.0,2709.0,2712.0,2712.0,3000.0,4000.0,5100.0,5401.0,5100.0,5526.73,5100.0,5524.89,4500.0,4500.0,4500.0,6100.0,6100.0,6100.0,5200.0,4894.0,4000.0,3000.0
2024-02-09,2940.74,2809.0,2809.0,2795.0,2800.0,2809.0,3000.0,3943.0,4409.15,5100.0,4800.0,5100.0,4300.0,4077.0,3733.0,3500.0,3690.0,5189.0,5200.0,4521.0,3800.0,3800.0,3440.0,2940.31
2024-02-10,2885.0,2812.0,2775.0,2550.0,2525.0,2525.0,2812.0,2748.0,3400.0,4200.0,4200.0,4800.0,4200.0,4077.0,3555.0,3145.0,3500.0,4468.0,4700.0,4200.0,3733.0,3555.0,3260.0,2925.94
2024-02-11,2775.0,2540.0,2540.0,2525.0,2525.0,2280.0,2525.0,2700.0,2900.0,3120.0,3120.0,2945.0,2915.0,2690.0,2514.0,2450.0,2900.0,3555.0,3740.0,3720.0,3311.0,3400.0,2590.0,2902.98
2024-02-12,2680.0,2680.0,2680.0,2680.0,2465.0,2680.0,2795.0,3249.0,3700.0,3900.0,3300.0,3144.0,2940.0,3080.0,2985.0,2748.0,3280.0,4468.0,4500.0,4200.0,3311.0,3495.0,2748.0,2799.0
2024-02-13,2710.0,2710.0,2680.0,2465.0,2680.0,2710.0,2902.79,3555.0,4200.0,5300.0,5250.0,4299.0,3555.0,3492.0,3492.0,3185.0,3500.0,5300.0,5491.0,4900.0,4459.0,4184.0,3000.0,2939.51
2024-02-14,2710.0,2710.0,2680.0,2680.0,2680.0,2710.0,2800.0,3490.0,3700.0,4000.0,3720.0,3311.0,3199.0,3100.0,3195.0,3000.0,3000.0,4075.0,4352.0,3900.0,3470.0,3390.0,2680.0,2680.0
2024-02-15,2485.0,1688.0,2032.0,1000.0,1688.0,1824.0,2675.0,3299.0,3650.0,4000.0,3620.0,3190.0,2860.0,2730.0,2999.0,2675.0,3190.0,4190.0,4577.0,4200.0,3468.0,3388.0,2747.0,2850.0
2024-02-16,2700.0,2700.0,2700.0,2675.0,2675.0,2700.0,2924.11,3490.0,4200.0,4200.0,3620.0,2650.0,2485.0,2440.0,2514.0,2700.0,2880.0,4500.0,4850.0,4507.0,3900.0,3400.0,2675.0,2830.0
2024-02-17,2840.0,2840.0,2840.0,2680.0,2680.0,2675.0,2675.0,3000.0,3194.0,2690.0,2675.0,2484.0,2484.0,2435.0,2435.0,2500.0,2747.0,3879.0,4293.0,4288.0,3500.0,3190.0,2485.0,2700.0
2024-02-18,2925.0,2680.0,2930.0,2840.0,2680.0,2669.0,2580.0,2662.0,2980.0,2800.0,2747.0,2662.0,2662.0,2473.0,2473.0,2662.0,2747.0,3740.0,4250.0,4036.22,3998.0,3333.0,2600.0,2662.0
2024-02-19,2675.0,2600.0,2675.0,2675.0,2675.0,2700.0,2840.0,3200.0,3499.0,3191.0,2979.0,2480.0,2250.0,2250.0,2470.0,2747.0,3134.0,5200.0,5400.0,5400.0,4900.0,3705.0,2694.0,2938.43
2024-02-20,2700.0,2700.0,2840.0,2675.0,2675.0,2700.0,2840.0,3200.0,3688.0,3800.0,3319.0,2710.0,2600.0,2484.0,2710.0,2947.0,3287.0,5100.0,5700.0,5100.0,4416.0,3900.0,2900.0,2941.74
2024-02-21,2675.0,2675.0,2675.0,2675.0,2675.0,2675.0,2700.0,3200.0,3600.0,3690.0,2947.0,2468.0,2315.0,2315.0,2468.0,2693.0,3100.0,4033.87,4299.0,4310.0,3800.0,3490.0,2690.0,2830.0
2024-02-22,2200.0,2480.0,2515.0,2400.0,2480.0,2480.0,2675.0,3100.0,3600.0,3400.0,2800.0,2399.0,1729.0,1729.0,2460.0,2780.0,2800.0,3900.0,3907.0,3700.0,3350.0,3350.0,2600.0,2500.0
2024-02-23,2150.0,2300.0,2398.0,2150.0,2150.0,2300.0,2550.0,3090.0,3600.0,3600.0,3000.0,1450.0,850.0,950.0,1548.0,2230.0,2647.0,4077.0,4300.0,3900.0,3400.0,3598.0,2150.0,2300.0
2024-02-24,2280.0,2150.0,2400.0,2280.0,2280.0,2150.0,1688.0,2890.0,3200.0,3390.0,2715.0,2480.0,1499.0,1499.0,1499.0,2280.0,2800.0,4600.0,7197.76,4600.0,3400.0,3600.0,2500.0,2300.0
2024-02-25,2280.0,2280.0,2530.0,2280.0,2280.0,2280.0,500.0,2430.0,2647.0,2647.0,2210.0,2145.0,1450.0,1600.0,1699.0,2144.0,2715.0,3900.0,6500.0,3700.0,3392.0,3600.0,2499.0,2280.0
2024-02-26,2400.0,2400.0,2680.0,2650.0,2650.0,2650.0,2680.0,3400.0,3900.0,3590.0,2714.0,2279.0,1750.0,1750.0,2153.0,2639.0,3000.0,4300.0,5900.0,4300.0,3843.0,3790.0,2980.0,2500.0
2024-02-27,2550.0,2400.0,2680.0,2650.0,2650.0,2650.0,2650.0,3100.0,3200.0,3100.0,2610.0,2150.0,1850.0,1850.0,1990.0,2639.0,2990.0,5200.0,7490.43,4751.0,4300.0,3998.0,2647.0,2650.0
2024-02-28,2400.0,2275.0,2600.0,2550.0,2400.0,2600.0,2600.0,2730.0,2620.0,2420.0,2340.0,1990.0,999.0,900.0,2000.0,2150.0,2883.0,4600.0,5450.0,5470.0,4124.0,3894.0,2500.0,2500.0
2024-02-29,2100.0,1900.0,2273.0,2150.0,2150.0,2273.0,2275.0,2690.0,2600.0,2149.0,900.0,179.0,179.0,180.0,300.0,1900.0,2790.0,5600.0,6100.0,5600.0,5600.0,4800.0,2350.0,2150.0
2024-03-01,900.0,200.0,200.0,200.0,200.0,670.0,1500.0,1990.0,2310.0,1850.0,880.0,98.0,98.0,98.0,96.0,440.0,2000.0,3100.0,3600.0,3100.0,2350.0,2480.0,1748.0,800.0
2024-03-02,1890.0,1900.0,1982.0,1900.0,1900.0,1800.0,900.0,1795.0,1795.0,1795.0,1850.0,1750.0,1000.0,899.0,899.0,1500.0,2350.0,3400.0,3900.0,3703.0,3100.0,2993.0,2150.0,1900.0
2024-03-03,1800.0,1900.0,2806.11,2600.0,2250.0,2250.0,1900.0,1800.0,1795.0,1800.0,1795.0,1794.0,1795.0,1794.0,1795.0,1794.0,2250.0,3400.0,3900.0,3500.0,3000.0,2993.0,2250.0,2100.0
2024-03-04,1900.0,1248.0,1800.0,1795.0,1795.0,1800.0,1800.0,2300.0,2099.0,1700.0,1690.0,1794.0,1795.0,1795.0,1795.0,1794.0,2350.0,3400.0,4298.0,3400.0,2694.0,2694.0,1900.0,1795.0
2024-03-05,1900.0,1795.0,2100.0,1900.0,1900.0,2100.0,2100.0,3189.0,2690.0,2100.0,2100.0,1900.0,1794.0,1794.0,1800.0,1800.0,2300.0,3400.0,4100.0,3600.0,2600.0,2585.0,2001.0,1748.0
2024-03-06,1889.0,1889.0,1889.0,1889.0,1889.0,1889.0,1889.0,2700.0,3000.0,2740.0,2700.0,2499.0,2649.0,2649.0,2650.0,2750.0,2700.0,3588.0,4100.0,3600.0,2993.0,3100.0,2100.0,1850.0
2024-03-07,1598.0,1799.0,1799.0,1799.0,1799.0,1799.0,1799.0,3300.0,3300.0,2950.0,2900.0,2500.0,2385.0,2399.0,2219.0,2500.0,3200.0,4100.0,4457.0,4100.0,3500.0,3500.0,2500.0,2100.0
2024-03-08,1598.0,2000.0,2100.0,2000.0,2100.0,2100.0,1900.0,3450.0,2900.0,2700.0,1690.0,1540.0,1540.0,1540.0,1548.0,1790.0,3521.0,4375.0,5100.0,4900.0,4433.0,4500.0,2840.0,2100.0
2024-03-09,1680.0,1680.0,2100.0,1900.0,1900.0,1680.0,1000.0,2475.0,2350.0,2030.0,1530.0,1380.0,1150.0,1150.0,1150.0,1380.0,2800.0,4098.0,5200.0,4698.0,4254.0,4488.0,2480.0,1680.0
2024-03-10,1680.0,1680.0,1680.0,1680.0,1680.0,1200.0,609.0,1750.0,1499.0,1750.0,1409.0,790.0,575.0,575.0,788.0,1005.0,1820.0,3850.0,4500.0,4418.0,3900.0,4800.0,2700.0,1680.0
2024-03-11,2100.0,1900.0,2000.0,1947.0,1967.0,2100.0,2100.0,3300.0,2894.0,2680.0,2600.0,1499.0,1527.0,1527.0,1499.0,1499.0,3166.0,4000.0,4517.2,4500.0,4358.0,4418.0,3200.0,1900.0
2024-03-12,2200.0,2000.0,2000.0,2000.0,2000.0,2300.0,1900.0,3700.0,4534.0,4353.0,2800.0,2590.0,1527.0,2599.0,2599.0,2599.0,3700.0,4800.0,4897.0,5000.0,4200.0,4800.0,3000.0,2250.0
2024-03-13,1950.0,1680.0,1680.0,1680.0,1680.0,1950.0,1680.0,4911.62,6662.03,6666.46,6648.8,2730.0,1862.0,1527.0,2585.0,2730.0,3288.0,4341.0,4855.0,5200.0,5107.0,4634.0,3288.0,2000.0
2024-03-14,2500.0,2050.0,2050.0,2050.0,2050.0,2748.0,1950.0,4157.0,4672.0,4500.0,3799.0,2585.0,2150.0,2231.0,2644.0,2890.0,3493.0,4100.0,5000.0,4600.0,4536.0,4100.0,2844.0,1900.0
2024-03-15,2700.0,2449.0,2449.0,2000.0,2449.0,2449.0,2449.0,3470.0,4064.0,3600.0,3180.0,2440.0,2220.0,1999.0,2050.0,1527.0,2900.0,3300.0,4417.0,4046.51,3700.0,3300.0,2680.0,2034.99
2024-03-16,2916.92,2850.0,2850.0,2699.0,2770.0,2770.0,1983.0,3155.0,3400.0,3140.0,2624.0,1350.0,1220.0,1220.0,1220.0,1120.0,2640.0,4078.0,6600.0,6200.0,4462.0,4319.0,3400.0,2400.0
2024-03-17,1900.0,1900.0,1680.0,1680.0,1680.0,1680.0,1000.0,2474.0,2750.0,2739.0,2140.0,560.0,490.0,440.0,438.0,490.0,1200.0,3250.0,6000.0,5800.0,3900.0,3650.0,2740.0,1490.0
2024-03-18,2100.0,2100.0,2100.0,2100.0,2100.0,2100.0,2300.0,5557.92,6878.99,6874.39,6877.02,2750.0,2799.0,2799.0,2799.0,2799.0,5393.5,5646.0,7391.99,7389.47,5800.0,6000.0,4078.0,2916.9
2024-03-19,2916.01,2916.93,2915.39,2900.0,2915.37,2912.94,2952.59,4688.82,4896.0,4392.0,3499.99,2299.5,1699.0,2299.5,2399.0,3279.0,3623.92,4285.0,6200.0,5900.0,5553.0,5289.0,3600.0,2744.0
2024-03-20,2844.0,2500.0,2500.0,2449.0,2500.0,2844.0,2500.0,4450.0,5500.0,5785.0,3500.0,3311.0,1679.0,3179.0,3488.0,3200.0,3437.47,4426.0,6600.0,6431.0,5300.0,5000.0,3179.0,2449.0
2024-03-21,2200.0,2200.0,2200.0,1900.0,2200.0,2500.0,2200.0,4194.0,4700.0,4100.0,2900.0,675.0,280.0,675.0,675.0,675.0,2000.0,4140.0,5999.0,6100.0,5961.86,5200.0,3200.0,1849.0
2024-03-22,2300.0,2449.0,2300.0,2149.0,2200.0,2592.0,1680.0,3250.0,3092.0,3093.0,1589.0,110.0,100.0,189.0,195.0,999.0,2988.0,4060.0,4349.38,5401.66,4300.0,4605.53,2800.0,1000.0
2024-03-23,3000.0,2912.25,2850.0,2850.0,2850.0,2950.0,2970.0,5200.0,4000.0,3915.0,3200.0,2100.0,1051.0,980.0,980.0,3915.0,5600.0,7500.0,7500.0,7500.0,7500.0,7500.0,7500.0,3000.0
2024-03-24,2970.0,1500.0,950.0,950.0,950.0,1200.0,1500.0,2220.0,2850.0,2820.0,2820.0,2999.0,2999.0,2999.0,2999.0,2999.0,3980.0,5000.0,6600.0,7471.11,6600.0,6600.0,4200.0,2970.0
2024-03-25,2500.0,2250.0,675.0,800.0,900.0,2250.0,3000.0,5600.0,6300.0,4900.0,3900.0,4400.0,3420.0,4600.0,5374.43,3680.0,4500.0,5600.0,7438.73,7467.92,7399.48,5800.0,4000.0,3000.0
2024-03-26,2930.0,2050.0,675.0,675.0,675.0,2050.0,2970.0,3900.0,4198.0,3633.0,2940.0,2700.0,1690.0,2150.0,2700.0,2940.0,4100.0,5300.0,7500.0,7500.0,7500.0,5700.0,4000.0,3000.0
2024-03-27,2942.03,2100.0,1299.0,1299.0,1780.0,2400.0,3000.0,3300.0,3450.0,3307.0,3173.0,2900.0,2300.0,2493.0,2900.0,3280.0,3475.0,5300.0,6200.0,6600.0,6000.0,5000.0,5200.0,3000.0
2024-03-28,2400.0,675.0,500.0,500.0,500.0,800.0,2400.0,3100.0,3100.0,2650.0,2120.0,1210.0,470.0,675.0,675.0,1233.0,2900.0,3980.0,4500.0,5159.0,4500.0,4000.0,3499.99,3000.0
2024-03-29,1150.0,470.0,450.0,450.0,470.0,650.0,1900.0,2750.0,2744.98,1800.0,550.0,420.0,200.0,400.0,200.0,470.0,2700.0,3550.0,4800.0,5600.0,5400.0,5800.0,4100.0,3000.0
2024-03-30,3000.0,3000.0,3000.0,3000.0,3000.0,3000.0,3000.0,5600.0,3900.0,2550.0,2550.0,2400.0,2350.0,2350.0,2400.0,5600.0,5600.0,7500.0,7500.0,7500.0,7500.0,7500.0,7500.0,3000.0
2024-03-31,3000.0,2600.0,1850.0,455.0,1850.0,1850.0,3500.0,2150.0,3100.0,3090.0,3100.0,1780.0,980.0,2350.0,3100.0,1850.0,6500.0,7100.0,7500.0,7500.0,7394.74,6900.0,3000.0,
2024-04-01,2500.0,2300.0,2100.0,999.0,2100.0,2900.0,3000.0,3717.0,3906.0,3500.0,1820.0,1750.0,1650.0,1500.0,1650.0,1650.0,1544.0,1991.0,4700.0,6100.0,6700.0,5600.0,4100.0,2950.0
2024-04-02,1900.0,723.0,723.0,723.0,723.0,800.0,2350.0,3800.0,4400.0,3400.0,739.0,640.0,640.0,723.0,739.0,739.0,739.0,2643.0,4842.0,5600.0,5750.0,5300.0,4200.0,2974.59
2024-04-03,1878.0,499.0,465.0,465.0,465.0,499.0,2250.0,4097.0,3876.74,2770.0,2110.0,1600.0,1799.0,1700.0,1600.0,1540.0,1799.0,2500.0,4100.0,5700.0,6102.0,5100.0,4100.0,3000.0
2024-04-04,727.14,465.0,300.0,270.0,300.0,465.0,1890.0,4200.0,5281.0,5800.0,2950.0,1799.0,1599.0,1600.0,1600.0,1799.0,2000.0,3039.0,4300.0,5200.0,6000.0,5500.0,3950.0,3000.0
2024-04-05,1649.0,465.0,465.0,300.0,250.0,465.0,1700.0,3300.0,3381.0,3035.0,1800.0,1600.0,1590.0,1599.0,1599.0,1599.0,1599.0,2445.0,3459.0,3900.0,4400.0,4169.0,3598.0,2977.42
2024-04-06,1300.0,377.0,198.9,150.0,150.0,197.0,1300.0,2300.0,2300.0,1800.0,1250.0,440.0,460.0,460.0,440.0,465.0,1390.0,1990.0,2900.0,3200.0,2800.0,2900.0,2943.0,1695.0
2024-04-07,1300.0,999.0,373.0,194.0,150.0,140.0,373.0,1800.0,288.0,50.0,50.0,50.0,50.0,50.0,50.0,50.0,95.0,1950.0,3032.0,3300.0,3700.0,3700.0,3200.0,2100.0
2024-04-08,1450.0,1300.0,550.0,194.0,194.0,799.0,1400.0,3284.0,2600.0,2000.0,2150.0,2400.0,1300.0,1300.0,1550.0,1550.0,1800.0,2984.0,3400.0,3700.0,4200.0,4200.0,3700.0,2650.0
2024-04-09,2915.49,1400.0,1198.0,1145.0,798.0,1300.0,2100.0,3690.0,3000.0,2300.0,1590.0,2350.0,1145.0,1194.0,2889.0,2400.0,1800.0,2300.0,3400.0,4162.0,4554.45,4200.0,3700.0,2850.0
2024-04-10,2700.0,1800.0,1600.0,1130.0,1130.0,1600.0,2950.0,3579.0,2899.0,2300.0,2100.0,2399.0,1700.0,1700.0,1400.0,1700.0,1700.0,2050.0,3680.0,3680.0,4200.0,4500.0,3700.0,2900.0
2024-04-11,2914.89,2100.0,1900.0,1800.0,1800.0,1800.0,2900.0,3957.73,3099.0,2400.0,2880.0,2879.0,1790.0,2000.0,2880.0,2879.0,2295.0,2500.0,3680.0,4023.63,4900.0,4600.0,3680.0,2917.05
2024-04-12,3000.0,2500.0,2200.0,2000.0,2000.0,2200.0,2900.0,4100.0,3300.0,2199.0,1789.0,1498.0,1980.0,1980.0,1780.0,1780.0,1990.0,2298.0,3996.6,3900.0,4200.0,4200.0,4250.0,3000.0
2024-04-13,2700.0,2200.0,1900.0,1900.0,1900.0,1900.0,1900.0,2700.0,2799.0,2799.0,2000.0,1890.0,1600.0,1600.0,1400.0,1899.0,2930.0,4400.0,2800.0,3000.0,3602.0,3660.0,3400.0,2900.0
2024-04-14,2800.0,2800.0,2600.0,2600.0,2600.0,2600.0,2800.0,2600.0,2650.0,2650.0,2600.0,1600.0,1400.0,1600.0,1400.0,1399.0,1389.0,1800.0,3000.0,3340.0,4200.0,4200.0,3845.0,3000.0
2024-04-15,3000.0,3000.0,3000.0,2970.0,3000.0,3000.0,3000.0,5100.0,5900.0,4500.0,3199.0,2850.0,2683.0,2260.0,2000.0,2950.0,3200.0,3230.0,4190.0,5700.0,6500.0,6500.0,5300.0,3000.0
2024-04-16,3000.0,2600.0,2500.0,2500.0,2500.0,2500.0,2900.0,3923.88,3869.98,3350.0,2850.0,2925.0,1998.0,2080.0,2929.0,3350.0,3450.0,4230.0,5000.0,5247.0,6188.0,6100.0,5100.0,3000.0
2024-04-17,3000.0,2800.0,2756.58,2718.15,2714.93,2800.0,3000.0,4500.0,5541.0,4988.0,4113.43,3500.0,2698.0,3020.0,3500.0,3669.0,3745.0,4500.0,6100.0,6187.42,7200.0,7153.88,6188.58,3000.0
2024-04-18,3000.0,2800.0,2700.0,2242.42,2372.0,2499.0,3000.0,4700.0,5535.42,5800.0,4700.0,4100.0,3900.0,3999.01,3999.01,3900.0,3925.0,4100.0,5000.0,5300.0,6500.0,6500.0,5686.9,3000.0
2024-04-19,3000.0,2400.0,2300.0,2300.0,2300.0,2600.0,3000.0,4191.0,4300.0,4027.28,3066.0,2987.0,2650.0,2650.0,2350.0,2600.0,2350.0,2850.0,5000.0,6300.0,7500.0,7500.0,6600.0,3000.0
2024-04-20,3000.0,3000.0,3000.0,2980.0,2970.0,2823.0,3000.0,2800.0,2550.0,2550.0,2537.3,1490.0,1490.0,1490.0,1450.0,1790.0,1987.0,2620.0,3185.0,4149.32,4800.0,4800.0,3800.0,3000.0
2024-04-21,3000.0,2913.14,2600.0,2600.0,2500.0,2600.0,3000.0,3300.0,3180.0,3040.0,1950.0,890.0,749.0,550.0,450.0,745.0,1299.0,3129.0,4130.0,5300.0,6998.74,6997.57,5700.0,3000.0
2024-04-22,3000.0,3000.0,3000.0,3000.0,3000.0,3000.0,3000.0,5600.0,6900.0,6500.0,5000.0,3700.0,3180.0,3180.0,4190.0,4035.06,5600.0,7500.0,7500.0,7500.0,7500.0,7500.0,7500.0,3000.0
2024-04-23,3000.0,3000.0,3000.0,3000.0,3000.0,3000.0,3000.0,5600.0,6452.0,5000.0,3745.0,933.0,788.0,933.0,2350.0,3195.0,3304.0,4157.02,6100.0,7500.0,7500.0,7500.0,7000.0,3000.0
2024-04-24,3000.0,3000.0,3000.0,3000.0,3000.0,3000.0,3000.0,5600.0,6900.0,6900.0,6900.0,3897.52,3000.0,3195.0,3750.0,3484.0,4190.0,5139.0,6500.0,7500.0,7500.0,7500.0,6700.0,3000.0
2024-04-25,3000.0,3000.0,3000.0,3000.0,3000.0,3000.0,3000.0,5500.0,6482.0,5339.0,4311.0,4025.83,3395.0,3395.0,3954.79,3640.0,3996.32,4500.0,6300.0,7500.0,7500.0,7500.0,6785.0,3000.0
2024-04-26,3000.0,3000.0,3000.0,3000.0,3000.0,3000.0,3000.0,5096.78,6656.0,5601.0,4300.0,3300.0,2400.0,1998.0,3000.0,3062.0,3300.0,3532.0,5200.0,6500.0,7500.0,7500.0,6699.0,3000.0
2024-04-27,3000.0,3000.0,3000.0,3000.0,3000.0,3000.0,3000.0,3900.0,3745.0,3600.0,2999.0,3400.0,3170.0,2990.0,3000.0,2400.0,3100.0,3400.0,5100.0,6600.0,6600.0,7200.0,7500.0,3000.0
2024-04-28,3000.0,3000.0,2960.0,2700.0,2700.0,2700.0,2900.0,3900.0,3158.0,2990.0,2050.0,1450.0,1450.0,1450.0,1450.0,1397.0,2399.99,4125.0,5300.0,6300.0,7500.0,7200.0,5700.0,3000.0
2024-04-29,3000.0,2900.0,2699.0,2600.0,2600.0,2900.0,3000.0,4500.0,4300.0,3250.0,3399.0,999.0,757.0,588.0,3000.0,1850.0,2014.0,3795.0,5500.0,5900.0,6500.0,6535.0,5700.0,3000.0
2024-04-30,3000.0,3000.0,2550.0,2550.0,2550.0,3000.0,3000.0,4500.0,3954.79,2999.0,2400.0,345.0,200.0,345.0,410.0,545.0,1450.0,2950.0,4800.0,5500.0,6500.0,6339.0,5300.0,3000.0
2024-05-01,3000.0,2700.0,2450.0,2400.0,2400.0,2400.0,2894.0,3500.0,3800.0,3200.0,2399.0,2000.0,1800.0,1800.0,2000.0,2399.0,3749.0,3950.0,5300.0,6100.0,7500.0,7500.0,7500.0,3000.0
2024-05-02,3000.0,2800.0,2600.0,2800.0,2700.0,2750.0,3000.0,4000.0,3800.0,2980.0,2300.0,1490.0,747.0,747.0,1990.0,2300.0,3398.0,3200.0,6500.0,7239.28,7500.0,7500.0,7500.0,3000.0
2024-05-03,3000.0,2900.0,2850.0,2850.0,2850.0,2857.54,3000.0,5600.0,4005.0,2650.0,1950.0,2100.0,1850.0,2100.0,1950.0,2050.0,2770.0,4030.0,6800.0,7500.0,7500.0,7500.0,7500.0,3000.0
2024-05-04,3000.0,3000.0,2875.75,2850.0,2850.0,2850.0,3000.0,4200.0,3089.0,2300.0,1900.0,2750.0,2750.0,2750.0,2750.0,2750.0,2750.0,5600.0,7268.04,6700.0,6500.0,7000.0,7500.0,3000.0
2024-05-05,3000.0,2900.0,2850.0,2850.0,2850.0,2750.0,2875.55,2900.0,2200.0,1990.0,1600.0,1400.0,1400.0,1400.0,1190.0,1400.0,2500.0,3300.0,7340.85,7500.0,7500.0,7500.0,7500.0,3000.0
2024-05-06,3000.0,2800.0,2750.0,2750.0,2750.0,2750.0,2950.0,3500.0,3200.0,2300.0,1500.0,950.0,950.0,950.0,1890.0,1890.0,1980.0,3150.0,6600.0,6300.0,6100.0,6500.0,6300.0,3000.0
2024-05-07,3000.0,2916.72,2900.0,2900.0,2900.0,2900.0,3000.0,5000.0,3500.0,2299.0,2099.0,500.0,460.0,500.0,1900.0,2099.0,3000.0,3700.0,6200.0,6500.0,7500.0,7500.0,7271.2,3000.0
2024-05-08,3000.0,3000.0,2950.0,2950.0,2950.0,2950.0,3000.0,4905.61,5500.0,2800.0,2400.0,1900.0,1900.0,1900.0,2200.0,2200.0,3200.0,4200.0,7000.0,7500.0,7500.0,7500.0,7500.0,3000.0
2024-05-09,3000.0,3000.0,3000.0,3000.0,3000.0,3000.0,3000.0,5600.0,6900.0,5600.0,2800.0,2200.0,1899.0,1450.0,2500.0,4600.0,5144.0,7500.0,7500.0,7500.0,7500.0,7500.0,7500.0,3000.0
2024-05-10,3000.0,3000.0,3000.0,3000.0,3000.0,3000.0,3000.0,5600.0,5600.0,3710.0,2162.0,1499.0,2000.0,2150.0,977.0,2196.0,2450.0,7500.0,7500.0,7500.0,7500.0,7500.0,7500.0,3000.0
2024-05-11,3000.0,3000.0,3000.0,3000.0,3000.0,3000.0,3000.0,3700.0,3800.0,3749.0,2050.0,2950.0,2050.0,1859.0,1400.0,1890.0,2400.0,4100.0,7500.0,7500.0,7500.0,7500.0,7500.0,3000.0
2024-05-12,3000.0,3000.0,3000.0,3000.0,3000.0,3000.0,3000.0,5600.0,3700.0,3150.0,1900.0,399.0,399.0,399.0,580.0,1890.0,1900.0,7500.0,7500.0,7500.0,7500.0,7500.0,7500.0,3000.0
2024-05-13,3000.0,3000.0,3000.0,3000.0,3000.0,3000.0,3000.0,5600.0,6900.0,6900.0,4200.0,2900.0,390.0,390.0,1150.0,2402.0,3680.0,7500.0,7500.0,7500.0,7500.0,7500.0,7500.0,3000.0
2024-05-14,3000.0,3000.0,3000.0,3000.0,3000.0,3000.0,3000.0,5600.0,6900.0,6900.0,6763.86,578.0,388.0,388.0,3000.0,3943.0,5122.36,7500.0,7500.0,7500.0,7500.0,7500.0,7500.0,3000.0
2024-05-15,3000.0,3000.0,3000.0,3000.0,3000.0,3000.0,3000.0,5600.0,6900.0,6900.0,4000.0,3340.0,3340.0,999.99,4900.0,4900.0,5600.0,7500.0,7500.0,7500.0,7500.0,7500.0,7500.0,3000.0
2024-05-16,3000.0,3000.0,3000.0,3000.0,3000.0,3000.0,3000.0,5600.0,6900.0,6752.0,3300.0,3000.0,2500.0,3070.0,3680.0,3780.0,5600.0,7500.0,7500.0,7500.0,7500.0,7500.0,7500.0,3000.0
2024-05-17,3000.0,3000.0,3000.0,3000.0,3000.0,3000.0,3000.0,5600.0,6752.48,3770.0,2499.0,370.0,105.0,200.0,990.0,1398.0,2050.0,5400.0,7500.0,7500.0,7500.0,7500.0,7500.0,3000.0
2024-05-18,3000.0,3000.0,3000.0,3000.0,3000.0,3000.0,3000.0,3700.0,3895.0,3200.0,3070.0,3050.0,1450.0,1450.0,2450.0,1350.0,1890.0,4200.0,7500.0,7500.0,7500.0,7500.0,7500.0,3000.0
2024-05-19,3000.0,3000.0,3000.0,3000.0,3000.0,3000.0,3000.0,3700.0,3200.0,2799.0,2000.0,2999.0,2999.0,2970.0,3300.0,2990.0,1990.0,3300.0,7500.0,7500.0,7500.0,7500.0,7500.0,3000.0
2024-05-20,3000.0,3000.0,3000.0,3000.0,3000.0,3000.0,3000.0,5600.0,6900.0,3800.0,2950.0,1450.0,1250.0,1250.0,2950.0,3449.0,2450.0,5200.0,7500.0,7500.0,7500.0,7500.0,7500.0,3000.0
2024-05-21,3000.0,3000.0,3000.0,3000.0,3000.0,3000.0,3000.0,5600.0,6900.0,6900.0,3069.0,200.0,100.0,120.0,289.0,1398.0,1450.0,3810.0,7500.0,7500.0,7500.0,7500.0,7500.0,3000.0
2024-05-22,3000.0,3000.0,3000.0,3000.0,3000.0,3000.0,3000.0,4715.0,4100.0,3500.0,2929.0,100.0,100.0,100.0,164.88,2830.0,2899.0,7500.0,7500.0,7500.0,7500.0,7500.0,7500.0,3000.0
2024-05-23,3000.0,3000.0,3000.0,3000.0,3000.0,3000.0,3000.0,5600.0,6838.48,5600.0,3400.0,100.0,98.0,99.99,100.0,2781.0,4820.0,5800.0,7500.0,7500.0,7500.0,7500.0,7500.0,3000.0
2024-05-24,3000.0,3000.0,3000.0,3000.0,3000.0,3000.0,3000.0,5600.0,6900.0,5900.0,4100.0,100.0,90.0,90.0,100.0,3400.0,4500.0,7500.0,7500.0,7500.0,7500.0,7500.0,7500.0,3000.0
2024-05-25,3000.0,3000.0,3000.0,3000.0,3000.0,3000.0,3000.0,4334.6,4165.0,4500.0,3050.0,1450.0,410.0,410.0,2949.0,2750.0,1850.0,4100.0,7500.0,7500.0,7500.0,7500.0,7500.0,3000.0
2024-05-26,3000.0,3000.0,3000.0,3000.0,3000.0,3000.0,3000.0,3789.0,4050.0,4050.0,2300.0,409.0,410.0,409.0,409.0,1450.0,2749.0,2900.0,7500.0,7500.0,7500.0,7500.0,7500.0,3000.0
2024-05-27,3000.0,3000.0,2950.0,2954.41,2972.53,3000.0,3000.0,5600.0,6900.0,6400.0,6889.0,100.0,98.0,98.0,650.0,5600.0,5600.0,4530.0,7500.0,7500.0,7500.0,7500.0,7500.0,3000.0
2024-05-28,3000.0,3000.0,3000.0,3000.0,3000.0,3000.0,3000.0,5600.0,6900.0,6900.0,5109.0,2900.0,2300.0,2800.0,5123.63,5600.0,5600.0,5700.0,7500.0,7500.0,7500.0,7500.0,7500.0,3000.0
2024-05-29,3000.0,3000.0,650.0,1100.0,3000.0,3000.0,3000.0,5600.0,6900.0,6900.0,6900.0,5600.0,5600.0,5600.0,5600.0,5600.0,5600.0,7500.0,7500.0,7500.0,7500.0,7500.0,7500.0,3000.0
2024-05-30,3000.0,3000.0,2900.0,650.0,2299.0,2900.0,3000.0,5400.0,5368.0,3440.0,405.0,405.0,98.0,98.0,88.0,588.0,1299.0,1990.0,5500.0,7000.0,7500.0,7500.0,7500.0,3000.0
2024-05-31,3000.0,515.0,100.0,300.0,350.0,405.0,2986.44,5191.0,4500.0,2249.0,100.0,80.0,40.0,50.0,80.0,100.0,3100.0,6400.0,4857.0,7500.0,7500.0,7500.0,7500.0,3000.0
2024-06-01,3200.0,3500.0,3500.0,3500.0,3500.0,3500.0,3500.0,5400.0,4950.0,4450.0,900.0,2500.0,650.0,496.0,100.0,2799.0,3999.0,7500.0,7500.0,7500.0,7500.0,7500.0,7500.0,6900.0
2024-06-02,4526.07,4522.94,4527.13,4525.6,4523.42,4525.98,4522.23,4450.0,3000.0,2975.0,900.0,977.0,900.0,977.0,900.0,800.0,2950.0,7848.32,7847.49,7850.01,7849.45,9000.0,7847.78,6900.0
2024-06-03,4797.23,4795.55,4730.0,4380.0,4745.0,4797.34,4792.26,5600.0,5547.87,5552.33,2000.0,1990.0,1497.0,1949.0,2050.92,2051.73,5000.0,8074.34,8077.89,8100.0,8072.14,8073.41,8075.32,6900.0
2024-06-04,4795.5,4799.39,4796.91,4500.0,4777.85,4799.77,4796.49,5599.53,5572.73,5574.68,2090.0,2094.69,2090.0,2090.0,2093.02,2094.41,5000.0,8150.0,8150.0,8150.0,8150.0,8150.0,8150.0,6900.0
2024-06-05,5600.0,4900.0,4000.0,4200.0,4500.0,4745.0,5600.0,6900.0,6900.0,6880.0,405.0,500.0,500.0,500.0,500.0,500.0,5000.0,8300.0,9000.0,9000.0,9000.0,9000.0,9000.0,6900.0
2024-06-06,5600.0,5600.0,4500.0,4500.0,4500.0,5180.0,5600.0,6900.0,6900.0,6100.0,405.0,500.0,405.0,500.0,500.0,500.0,4109.0,8575.71,9000.0,9000.0,9000.0,9000.0,9000.0,6900.0
2024-06-07,5600.0,5600.0,5477.91,5180.0,5494.0,4745.0,5600.0,6900.0,6900.0,5880.0,500.0,405.0,405.0,405.0,500.0,500.0,3750.0,9000.0,9000.0,9000.0,9000.0,9000.0,9000.0,6900.0
2024-06-08,5600.0,3200.0,900.0,900.0,730.0,405.0,1450.0,2950.0,2450.0,1985.0,650.0,400.0,190.0,190.0,190.0,405.0,1250.0,5100.0,8700.0,9000.0,9000.0,9000.0,9000.0,6900.0
2024-06-09,3200.0,900.0,100.0,100.0,100.0,404.0,730.0,2450.0,340.0,405.0,150.0,180.0,99.0,99.0,100.0,872.0,1482.0,3890.0,7450.0,8985.0,9000.0,9000.0,9000.0,6900.0
2024-06-10,4500.0,3899.0,404.0,404.0,404.0,900.0,4200.0,6000.0,6060.42,5880.0,1695.0,1099.0,900.0,1099.0,1695.0,1695.0,4500.0,6979.0,9000.0,9000.0,9000.0,9000.0,9000.0,6900.0
2024-06-11,4900.0,4100.0,3980.0,3965.54,3890.52,4000.0,4371.44,5600.0,6000.0,5000.0,2000.0,1678.0,1150.0,1678.0,1678.0,2047.64,3500.0,6200.0,9000.0,9000.0,9000.0,9000.0,9000.0,6750.0
2024-06-12,5600.0,4756.0,4450.0,4298.0,4380.0,4750.0,4380.0,6000.0,6863.77,6900.0,4847.0,3400.0,2742.0,2918.0,2999.0,4177.2,4500.0,8800.0,9000.0,9000.0,9000.0,9000.0,9000.0,6900.0
2024-06-13,5600.0,4450.0,4376.0,3980.0,4350.0,4380.0,5500.0,6700.0,6585.0,5600.0,4680.0,3278.0,2950.48,3278.0,3278.0,3610.0,4298.0,7500.0,9000.0,9000.0,9000.0,9000.0,9000.0,6900.0
2024-06-14,5600.0,4760.42,4300.0,4000.0,4340.0,4350.0,5500.0,6800.0,6800.0,6800.0,5195.0,3694.76,3708.0,3693.71,3692.14,4980.0,5000.0,9000.0,9000.0,9000.0,9000.0,9000.0,9000.0,6900.0
2024-06-15,4900.0,3658.31,3600.0,3600.0,3200.0,3098.0,3063.0,3950.0,4680.0,3384.0,2947.0,2247.0,1829.0,1150.0,646.0,2347.0,3100.0,6975.0,9000.0,9000.0,9000.0,9000.0,9000.0,6900.0
2024-06-16,5180.0,4000.0,3400.0,2695.0,2520.0,2347.0,3000.0,640.0,640.0,1160.0,2000.0,500.0,200.0,200.0,404.99,1100.99,500.0,2798.0,8927.17,9000.0,9000.0,9000.0,9000.0,6900.0
2024-06-17,5600.0,4946.33,4745.0,4745.0,4862.23,4745.0,5586.0,6000.0,6000.0,5740.0,4500.0,3200.0,3026.27,3193.71,3194.79,4700.0,4350.0,5980.0,9000.0,9000.0,9000.0,9000.0,9000.0,6900.0
2024-06-18,5600.0,4099.0,4099.0,4100.0,4100.0,4100.0,5082.0,6000.0,5887.16,4598.0,2697.0,1141.0,901.0,1141.0,2090.0,2090.0,3900.0,5600.0,9000.0,9000.0,9000.0,9000.0,9000.0,6900.0
2024-06-19,5600.0,5180.0,4340.0,4584.4,4500.04,4100.0,5295.0,5980.0,5300.0,3900.0,3856.0,300.99,100.0,209.0,301.0,1980.0,3450.0,4800.0,9000.0,9000.0,9000.0,9000.0,9000.0,6900.0
2024-06-20,5600.0,4745.0,4600.0,4424.0,4340.0,4489.0,4802.0,5704.0,5600.0,4000.0,3600.0,203.0,80.0,80.0,203.0,1220.0,3062.0,4800.0,8927.69,9000.0,9000.0,9000.0,9000.0,6900.0
2024-06-21,5600.0,5180.0,4813.0,4813.0,4745.0,4745.0,5200.0,6000.0,5600.0,3900.0,3350.0,500.0,207.0,500.0,500.0,1220.0,3671.0,5400.0,9000.0,9000.0,9000.0,9000.0,9000.0,6900.0
2024-06-22,5600.0,5197.63,5201.73,5180.0,5197.65,5202.19,5600.0,4500.0,4000.0,3300.0,3300.0,2197.0,2197.0,2245.0,2144.87,3400.0,4500.0,6000.0,9000.0,9000.0,9000.0,9000.0,9000.0,6900.0
2024-06-23,5600.0,5000.0,5000.0,4745.0,4745.0,4745.0,5600.0,6300.0,6300.0,5380.0,4000.0,1807.0,1807.0,1807.0,1449.0,1632.0,4500.0,6000.0,9000.0,9000.0,9000.0,9000.0,9000.0,6900.0
2024-06-24,5600.0,5000.0,5000.0,5000.0,5000.0,5000.0,5600.0,6300.0,6300.0,5500.0,4000.0,1627.26,1623.68,1627.27,1625.13,1588.0,5600.0,9000.0,9000.0,9000.0,9000.0,9000.0,9000.0,6900.0
2024-06-25,5600.0,5000.0,5000.0,5000.0,5000.0,5000.0,5600.0,6300.0,6300.0,5500.0,4000.0,1627.03,1623.91,1624.4,1625.12,1500.0,5600.0,9000.0,9000.0,9000.0,9000.0,9000.0,9000.0,6900.0
2024-06-26,5600.0,5600.0,5365.54,5367.37,5366.02,5600.0,5600.0,6900.0,6870.0,6900.0,6751.89,3600.0,3600.0,3600.0,3600.0,3600.0,5600.0,9000.0,9000.0,9000.0,9000.0,9000.0,9000.0,6900.0
2024-06-27,5600.0,5600.0,5500.0,5500.0,5500.0,5600.0,5600.0,6900.0,6900.0,6121.0,5000.0,3396.0,3396.0,3396.0,3424.82,3423.58,5325.0,9000.0,9000.0,9000.0,9000.0,9000.0,9000.0,6900.0
2024-06-28,5600.0,5600.0,5400.0,5240.0,5240.0,5491.67,5600.0,6000.0,5877.0,4680.0,3100.0,1200.0,1000.0,405.0,2796.0,3619.2,4000.0,6500.0,9000.0,9000.0,9000.0,9000.0,9000.0,6900.0
2024-06-29,5600.0,5600.0,5585.0,5547.85,5545.19,5546.39,5600.0,5031.0,4483.0,3430.0,2394.0,1994.0,1730.0,1372.0,1200.0,2194.0,3470.0,5600.0,7680.0,9000.0,9000.0,9000.0,9000.0,6900.0
2024-06-30,5600.0,5600.0,5500.0,5500.0,5500.0,5200.0,5000.0,4100.0,2648.52,1980.0,950.0,405.0,405.0,402.0,800.0,750.0,2600.0,5200.0,7300.0,9000.0,9000.0,9000.0,9000.0,6900.0
2024-07-01,5600.0,5600.0,5600.0,5579.08,5590.55,5600.0,5600.0,6379.0,6300.0,6900.0,6880.2,4306.9,4309.99,4350.0,4650.0,4650.0,5600.0,8699.0,9000.0,9000.0,9000.0,9000.0,9000.0,6900.0
2024-07-02,5600.0,5600.0,5500.0,5467.0,5500.0,5569.06,5600.0,6900.0,6900.0,6900.0,6900.0,4350.0,4350.0,4329.01,4510.0,4650.0,5600.0,7500.0,9000.0,9000.0,9000.0,9000.0,9000.0,6900.0
2024-07-03,5600.0,5578.25,4745.0,4546.15,4784.0,5200.0,5600.0,6850.0,6900.0,6900.0,6900.0,4350.0,4350.0,4350.0,4350.0,4350.0,5600.0,9000.0,9000.0,9000.0,9000.0,9000.0,9000.0,6900.0
2024-07-04,5600.0,5300.0,4652.44,4745.0,4745.0,4826.0,5600.0,6850.0,6900.0,6900.0,6877.52,4980.0,4650.0,4350.0,4650.0,5100.44,5600.0,9000.0,9000.0,9000.0,9000.0,9000.0,9000.0,6900.0
2024-07-05,5600.0,4780.0,1173.0,1750.0,1750.0,3900.0,5500.0,6600.0,6600.0,5800.0,3050.0,1120.0,999.0,200.0,402.0,1244.0,4500.0,8600.0,9000.0,9000.0,9000.0,9000.0,9000.0,6900.0
2024-07-06,5600.0,5580.38,5577.13,5567.57,5577.47,5300.0,5100.0,4520.01,1350.0,1050.0,95.0,48.0,48.0,47.0,50.0,70.0,940.0,7500.0,8850.0,8900.95,9000.0,9000.0,8949.87,6900.0
2024-07-07,5600.0,5547.69,5000.0,4826.0,4745.0,4620.0,4730.0,4100.0,4100.0,500.0,34.0,29.0,34.0,29.0,29.0,34.0,2649.0,4780.0,8600.0,8850.0,8850.0,9000.0,8925.35,6900.0
2024-07-08,5600.0,5600.0,5582.19,5200.0,5200.0,5582.56,5581.1,6500.0,6500.0,5400.0,4136.18,3020.0,1247.0,100.0,405.0,2699.0,4650.0,8420.23,8850.0,9000.0,9000.0,9000.0,9000.0,6900.0
2024-07-09,5600.0,5600.0,5600.0,5572.18,5552.59,5568.93,5600.0,6800.0,6665.0,5800.0,4500.0,3396.26,3115.5,2700.0,4136.18,4350.0,5600.0,8700.0,9000.0,9000.0,9000.0,9000.0,9000.0,6900.0
2024-07-10,5600.0,5572.0,4700.0,3222.0,4000.0,5180.0,5578.46,6150.0,6800.0,6800.0,3200.0,2699.0,1450.0,1147.0,1130.0,3020.0,3800.0,8400.0,8900.0,9000.0,9000.0,9000.0,9000.0,6900.0
2024-07-11,5600.0,5600.0,5600.0,5581.13,5579.55,5585.2,5600.0,6872.62,6858.58,6400.0,3100.0,3900.0,2700.0,2650.0,4136.18,4980.0,5600.0,8900.0,9000.0,9000.0,9000.0,9000.0,9000.0,6900.0
2024-07-12,5600.0,5600.0,5600.0,5600.0,5600.0,5600.0,5600.0,6900.0,6900.0,6800.0,4136.18,4350.0,4136.18,4000.0,4980.0,5322.44,5600.0,8957.05,9000.0,9000.0,9000.0,9000.0,9000.0,6900.0
2024-07-13,5600.0,5600.0,5579.5,5579.5,5572.0,5180.0,5583.19,4901.0,4450.0,3464.0,2958.0,1490.0,799.0,879.0,1998.0,3040.0,5524.0,8950.0,9000.0,9000.0,9000.0,9000.0,9000.0,6900.0
2024-07-14,5600.0,5600.0,5579.97,5580.24,5582.59,5100.0,5582.95,5380.0,4500.0,3259.0,750.0,405.0,402.0,491.0,653.0,1350.0,3799.0,7900.0,9000.0,9000.0,9000.0,9000.0,9000.0,6900.0
2024-07-15,5600.0,5600.0,5572.07,5200.0,5200.0,5100.0,5600.0,6788.0,6900.0,6875.93,4680.0,3200.0,2650.0,2650.0,2600.0,4136.18,3800.0,8949.31,9000.0,9000.0,9000.0,9000.0,9000.0,6900.0
2024-07-16,5600.0,5600.0,5579.67,5582.87,5568.68,5180.0,5600.0,6900.0,6900.0,4900.0,3200.0,1239.0,1120.0,1014.0,1515.0,3200.0,5400.0,8950.0,9000.0,9000.0,9000.0,9000.0,9000.0,6900.0
2024-07-17,5600.0,5600.0,900.0,405.0,405.0,900.0,4500.0,4900.0,4900.0,1280.0,1280.0,405.0,105.0,100.0,405.0,1000.0,3089.0,9000.0,9000.0,9000.0,9000.0,9000.0,9000.0,6900.0
2024-07-18,5600.0,5569.4,5400.0,3040.0,3040.0,4745.0,5578.41,6900.0,6900.0,6400.0,4300.0,2650.0,1439.0,1001.0,4350.0,5000.0,3040.0,8949.8,9000.0,9000.0,9000.0,8950.0,8950.0,6900.0
2024-07-19,5600.0,5500.0,5180.0,4000.0,3024.8,1000.0,3020.0,5880.0,6400.0,4100.0,3040.0,405.0,400.55,405.0,1120.0,3040.0,3040.0,8600.0,9000.0,9000.0,9000.0,8950.25,9000.0,6900.0
2024-07-20,5600.0,5600.0,5590.93,5592.24,5590.42,5581.31,5600.0,4900.0,3900.0,3400.0,3400.0,499.0,499.0,499.0,499.0,3000.0,4800.0,8600.0,9000.0,9000.0,9000.0,9000.0,9000.0,6900.0
2024-07-21,5600.0,5600.0,5580.15,5180.0,5180.0,4500.0,3900.0,4900.0,3900.0,3850.0,3500.0,3040.0,3450.0,4650.0,5197.62,5000.0,5600.0,9000.0,9000.0,9000.0,9000.0,9000.0,9000.0,6900.0
2024-07-22,5600.0,5600.0,5579.68,5571.15,5569.6,5577.84,5600.0,6900.0,6900.0,6900.0,6900.0,5115.0,5500.0,5472.01,5500.0,5442.03,5600.0,8850.0,9000.0,9000.0,9000.0,9000.0,9000.0,6900.0
2024-07-23,5600.0,5600.0,5580.46,5548.77,5180.0,5550.0,5579.47,6400.0,5880.0,3850.0,3450.0,1120.0,987.0,1100.0,3020.0,3040.0,4650.0,8985.0,9000.0,9000.0,9000.0,9000.0,9000.0,6900.0
2024-07-24,5600.0,5600.0,5583.16,5584.03,5581.15,5577.26,5600.0,6800.0,6800.0,4600.0,3450.0,1120.0,987.0,1120.0,3040.0,4600.0,5566.87,9000.0,9000.0,9000.0,9000.0,9000.0,9000.0,6900.0
2024-07-25,5600.0,5450.0,5572.1,5549.41,5535.0,5535.0,5582.75,6800.0,6860.94,6800.0,5900.0,3500.0,3040.0,3040.0,4650.0,3450.0,3020.0,7500.0,8800.0,8898.94,8950.0,9000.0,8950.0,6900.0
2024-07-26,5480.0,5100.0,5510.0,5510.0,5510.0,5510.0,5582.38,6874.13,6900.0,6900.0,6900.0,5371.46,5115.0,5115.0,5534.56,5536.03,5567.16,8850.0,9000.0,8985.0,9000.0,9000.0,9000.0,6900.0
2024-07-27,5600.0,5591.81,5587.77,5540.0,5540.0,5570.94,5600.0,6900.0,6900.0,6815.0,4800.0,3300.0,3850.0,3850.0,3899.0,3899.0,3300.0,5324.0,8950.0,8950.0,9000.0,9000.0,9000.0,6900.0
2024-07-28,5600.0,5547.0,5547.0,5547.0,5547.0,5569.26,5600.0,6800.0,5880.0,4640.0,3250.0,3250.0,3300.0,3300.0,4299.0,4000.0,4649.0,3850.0,8950.0,8850.0,8950.0,9000.0,8950.0,6750.0
2024-07-29,5400.0,5547.0,5547.0,5180.0,5405.0,4500.0,3900.0,4680.0,3800.0,3100.0,3300.0,450.0,402.0,402.0,1100.0,1440.0,1200.0,5300.0,8550.0,8950.0,9000.0,9000.0,8951.53,6879.91
2024-07-30,5350.0,3700.0,3700.0,3700.0,4745.0,5547.0,1480.0,1350.0,2950.0,1449.0,1200.0,397.0,397.0,397.0,1997.0,1098.0,2450.0,3750.0,8500.0,8900.0,8952.34,9000.0,8900.0,6750.0
2024-07-31,5560.0,5556.0,5180.0,5285.0,5170.0,5180.0,5500.0,6500.0,5900.0,3040.0,2450.0,2798.0,2000.0,2500.0,2000.0,3040.0,4935.0,7000.0,8942.04,8900.0,9000.0,9000.0,9000.0,6900.0
2024-08-01,5585.28,5100.0,3040.0,4340.0,2490.0,3000.0,5582.21,5880.0,5909.0,5874.0,4000.0,405.0,1900.0,1900.0,2350.0,4199.0,4685.0,3690.0,8900.0,8900.0,9000.0,9000.0,9000.0,6900.0
2024-08-02,5100.0,5180.0,4782.36,5180.0,5180.0,4745.0,5560.18,6200.0,5880.0,6873.07,4300.0,2400.0,2400.0,2350.0,3040.0,4350.0,4400.0,8500.0,8951.55,9000.0,9000.0,9000.0,9000.0,6900.0
2024-08-03,5582.57,5577.29,5180.0,5280.0,4796.98,4782.36,3040.0,4000.0,5200.0,6861.01,6877.38,5200.0,5115.0,5200.0,5533.82,5115.0,5566.32,6800.0,8954.29,8800.0,8800.0,8900.0,8800.0,5870.0
2024-08-04,4745.0,4827.77,4340.0,4745.0,4745.0,4796.98,5235.0,5380.0,6900.0,6900.0,6874.44,5469.2,5115.0,5050.0,5050.0,5115.0,5500.0,6800.0,8900.0,8800.0,8800.0,8900.0,8900.0,6800.0
2024-08-05,5561.18,4137.0,498.0,952.0,960.0,1450.0,2500.0,3200.0,3040.0,3870.0,2450.0,577.0,385.44,1997.0,1997.0,3020.0,4650.0,6800.0,8949.82,9000.0,9000.0,9000.0,9000.0,6879.2
2024-08-06,5582.12,5500.0,4796.98,5180.0,5180.0,5561.0,5600.0,6900.0,6900.0,6876.34,5115.0,5200.0,5115.0,5115.0,5115.0,5115.0,5563.11,8951.89,9000.0,9000.0,9000.0,9000.0,9000.0,6900.0
2024-08-07,5581.0,5500.0,1750.0,4701.0,4745.0,4992.0,5582.9,6879.05,6874.52,5299.0,2450.0,405.0,254.11,405.0,1349.0,2998.0,3150.0,6701.0,9000.0,9000.0,9000.0,9000.0,9000.0,6900.0
2024-08-08,5592.41,5585.74,5558.18,5371.0,5230.0,5100.0,5590.61,6900.0,6900.0,4680.0,4000.0,1442.0,1120.0,1442.0,2789.0,3850.0,5565.33,8917.12,9000.0,9000.0,9000.0,9000.0,9000.0,6900.0
2024-08-09,5600.0,5600.0,5577.16,5585.29,5582.6,5585.67,5600.0,6900.0,6900.0,6872.8,6875.6,2350.0,2047.0,2300.0,5100.0,4980.0,5565.23,9000.0,9000.0,9000.0,9000.0,9000.0,9000.0,6900.0
2024-08-10,5600.0,5587.01,5586.91,5585.56,5586.45,5586.06,5100.0,5415.0,4950.0,4500.0,3799.0,1497.0,1346.0,1700.0,1450.0,2450.0,3956.0,8900.0,9000.0,9000.0,9000.0,9000.0,9000.0,6900.0
2024-08-11,5600.0,5583.75,5580.07,5558.88,5561.52,5557.08,5586.69,6846.41,4000.0,3000.0,2000.0,790.0,790.0,992.0,250.0,1210.0,3020.0,9000.0,9000.0,9000.0,9000.0,9000.0,9000.0,6900.0
2024-08-12,5600.0,5583.47,5580.33,5584.26,5397.0,5407.0,5600.0,6900.0,6900.0,4550.0,1477.0,100.0,100.0,200.0,800.0,3020.0,5560.0,8900.0,9000.0,9000.0,9000.0,9000.0,9000.0,6900.0
2024-08-13,5600.0,5583.98,5250.0,5227.0,4810.0,5557.49,5600.0,6900.0,6900.0,6874.58,1998.0,1439.0,855.0,1439.0,1898.0,2898.0,4349.0,8700.0,9000.0,9000.0,9000.0,9000.0,9000.0,6900.0
2024-08-14,5600.0,5561.13,5200.0,4340.0,4399.0,5100.0,5600.0,6900.0,6857.42,4500.0,3999.0,2135.0,1800.0,1895.0,2945.0,4350.0,4650.0,8922.26,9000.0,9000.0,9000.0,9000.0,9000.0,6900.0
2024-08-15,5600.0,5582.89,5585.04,5586.23,5587.5,5562.99,5600.0,6900.0,6800.0,5880.0,2495.0,2535.0,2300.0,2535.0,3297.0,3040.0,4350.0,8600.0,9000.0,9000.0,9000.0,9000.0,9000.0,6900.0
2024-08-16,5600.0,5584.04,5589.46,5586.81,5577.16,5582.1,5585.14,6873.74,6800.0,5722.0,2494.0,870.0,350.0,870.0,1450.0,2844.0,4238.0,8900.0,9000.0,9000.0,9000.0,9000.0,9000.0,6900.0
2024-08-17,5600.0,5590.43,5588.11,5582.22,5580.55,5578.01,5589.65,6876.27,5880.0,4499.0,1878.0,687.0,850.0,687.0,687.0,2950.0,3039.0,6150.0,9000.0,9000.0,9000.0,9000.0,9000.0,6900.0
2024-08-18,5600.0,5587.41,5583.71,5578.46,5587.55,5582.17,5385.0,4300.0,4450.0,3039.0,3040.0,100.0,100.0,100.0,100.0,1300.0,3039.0,5970.0,9000.0,9000.0,9000.0,9000.0,9000.0,6900.0
2024-08-19,5600.0,5500.0,1750.0,1111.0,1310.0,4340.0,5027.91,6664.74,4680.0,3039.0,1300.0,90.0,90.0,90.0,405.0,3020.0,4350.0,8953.33,9000.0,9000.0,9000.0,9000.0,9000.0,6900.0
2024-08-20,5600.0,5555.0,5583.04,5561.91,5481.0,5481.0,5600.0,6900.0,6900.0,4500.0,4500.0,100.0,70.0,100.0,2984.0,4349.0,5550.0,9000.0,9000.0,9000.0,9000.0,9000.0,9000.0,6900.0
2024-08-21,5600.0,5592.21,5585.79,5373.0,5125.32,5450.0,5600.0,6900.0,6900.0,6900.0,6621.0,955.0,680.0,1878.0,4980.0,5421.0,5564.6,9000.0,9000.0,9000.0,9000.0,9000.0,9000.0,6900.0
2024-08-22,5600.0,5555.0,5508.0,5562.33,5562.96,5515.0,5600.0,6900.0,6900.0,6900.0,6880.26,2500.69,1498.0,3000.0,5467.53,5400.0,5523.73,9000.0,9000.0,9000.0,9000.0,9000.0,9000.0,6900.0
2024-08-23,5587.91,4340.0,4830.0,1750.0,3140.0,4745.0,5583.77,3033.0,4680.0,4700.0,4700.0,1120.0,950.0,1800.0,4150.0,5000.0,5100.0,8000.0,8450.0,8900.0,8948.71,8952.01,8600.0,6700.0
2024-08-24,3000.0,4709.0,5500.0,5500.0,5500.0,5500.0,3080.0,3040.0,4679.0,4679.0,4300.0,2450.0,2100.0,2450.0,2000.0,4350.0,4600.0,6500.0,8500.0,8945.86,9000.0,9000.0,8900.0,6780.0
2024-08-25,2930.0,5000.0,4745.0,4745.0,4745.0,5500.0,3980.0,1300.0,4000.0,4250.0,4000.0,399.0,399.0,399.0,298.0,3100.0,4550.0,5900.0,8900.0,9000.0,9000.0,9000.0,9000.0,6900.0
2024-08-26,4980.0,4340.0,5000.0,5000.0,4340.0,3980.0,3020.0,5880.0,5380.0,3850.0,1113.0,90.0,89.0,100.0,399.0,3850.0,5522.0,8951.77,9000.0,9000.0,9000.0,9000.0,9000.0,6900.0
2024-08-27,5600.0,5600.0,5587.22,5583.83,5582.03,5586.69,5600.0,6900.0,6900.0,6900.0,6900.0,100.0,100.0,100.0,3000.69,5537.46,5600.0,5480.0,9000.0,9000.0,9000.0,9000.0,9000.0,6900.0
2024-08-28,5600.0,5593.0,5538.0,4745.0,4340.0,5538.0,5600.0,6900.0,6900.0,6900.0,5380.0,4350.0,3980.0,4650.0,5468.69,5500.0,5600.0,9000.0,9000.0,9000.0,9000.0,9000.0,9000.0,6900.0
2024-08-29,5600.0,5587.73,4745.0,4700.0,4745.0,5000.0,5600.0,6900.0,6900.0,4180.0,3980.0,1400.0,405.0,1105.0,1105.0,1960.0,3040.0,5480.0,9000.0,9000.0,9000.0,9000.0,9000.0,6510.0
2024-08-30,5600.0,5180.0,4745.0,4500.0,4340.0,5562.86,5600.0,6873.47,6900.0,6875.13,3800.0,100.0,100.0,100.0,1875.0,1399.0,5567.29,9000.0,9000.0,9000.0,9000.0,9000.0,9000.0,6900.0
2024-08-31,5600.0,5600.0,5586.76,5560.27,5288.0,5587.4,5600.0,6900.0,6900.0,5880.0,4600.0,405.0,100.0,389.0,3500.0,4650.0,5600.0,9000.0,9000.0,9000.0,9000.0,9000.0,9000.0,6900.0
2024-09-01,5600.0,3980.0,3000.0,1450.0,1000.0,2872.0,1450.0,1350.0,1350.0,2900.0,1250.0,388.0,405.0,388.0,1500.0,1450.0,4180.0,9000.0,9000.0,9000.0,9000.0,9000.0,9000.0,6900.0
2024-09-02,5600.0,4300.0,3500.0,3040.0,3040.0,3980.0,5582.87,6900.0,6900.0,6873.8,3980.0,2995.0,2995.0,2995.0,2995.0,3040.0,4350.0,9000.0,9000.0,9000.0,9000.0,9000.0,9000.0,6900.0
2024-09-03,5600.0,5583.32,4745.0,4340.0,4500.0,4745.0,5600.0,6900.0,6900.0,6900.0,5800.0,2995.0,2987.5,2990.0,3890.0,4350.0,5600.0,9000.0,9000.0,9000.0,9000.0,9000.0,9000.0,6900.0
2024-09-04,5590.0,5557.62,4000.0,3980.0,3980.0,4745.0,5180.0,6900.0,6900.0,6900.0,6900.0,5395.0,5371.0,5349.0,5535.89,5600.0,5600.0,9000.0,9000.0,9000.0,9000.0,9000.0,9000.0,6900.0
2024-09-05,5585.95,5582.9,5180.0,4745.0,5174.0,5561.42,4670.69,6900.0,6900.0,6900.0,6876.33,5295.0,4650.0,4980.0,5489.0,5534.61,5600.0,9000.0,9000.0,9000.0,9000.0,9000.0,9000.0,6900.0
2024-09-06,5581.1,4340.0,3000.0,2666.0,3000.0,3601.0,4500.0,6875.66,6875.8,5901.0,2890.0,750.65,650.55,620.0,2999.0,2890.0,3020.0,8945.92,9000.0,9000.0,9000.0,9000.0,9000.0,6900.0
2024-09-07,5600.0,4616.0,4340.0,1750.0,2000.0,3040.0,5179.0,4680.0,3150.0,4364.0,999.0,1490.0,1120.0,1490.0,1120.0,1220.0,3040.0,9000.0,9000.0,9000.0,9000.0,9000.0,9000.0,6900.0
2024-09-08,2900.0,1000.0,650.0,1000.0,1000.0,3040.0,1300.0,1350.0,870.0,2510.0,999.0,2885.0,2872.0,2749.0,2900.0,1199.0,2750.0,4244.0,8900.0,8900.0,9000.0,9000.0,8900.0,6800.0
2024-09-09,5586.09,3040.0,1750.0,3040.0,1750.0,3040.0,5584.44,6900.0,6900.0,6900.0,3900.0,2885.0,2872.0,2749.0,2800.0,4980.0,5568.82,8950.8,9000.0,9000.0,9000.0,9000.0,8900.0,6762.0
2024-09-10,5586.62,3040.0,2500.0,3980.0,3980.0,4586.0,4988.0,6874.05,6900.0,6900.0,6900.0,5471.2,5384.0,5535.26,5557.21,5557.14,5600.0,9000.0,9000.0,9000.0,9000.0,9000.0,8800.0,5470.0
2024-09-11,5550.0,4511.0,4181.0,3980.0,3980.0,4225.0,4000.0,6810.0,6900.0,6862.96,6800.0,3499.13,3170.0,3170.0,5000.0,5480.0,5600.0,8900.0,9000.0,9000.0,9000.0,9000.0,8680.0,5301.0
2024-09-12,4340.0,3980.0,1750.0,2500.0,3680.0,3980.0,5586.56,6900.0,6900.0,6900.0,6900.0,5589.34,5567.04,5563.95,5589.38,5568.33,5600.0,8949.83,9000.0,9000.0,9000.0,9000.0,8944.19,6838.39
2024-09-13,5600.0,5586.9,5581.46,5582.01,5582.16,5582.56,5600.0,6900.0,6900.0,6900.0,6900.0,5541.17,4650.0,5513.42,5515.66,5542.1,5600.0,9000.0,9000.0,9000.0,9000.0,9000.0,9000.0,5000.0
2024-09-14,5585.83,4745.0,4340.0,5577.96,5579.8,5562.76,4745.0,5880.0,6876.51,6900.0,3040.0,4650.0,4305.0,4650.0,4615.0,5588.55,5600.0,9000.0,9000.0,9000.0,9000.0,9000.0,9000.0,5000.0
2024-09-15,5542.63,3040.0,2788.0,3980.0,3980.0,3980.0,3729.0,3968.0,4070.0,3988.0,1220.0,1120.0,755.0,398.0,988.0,3040.0,3020.0,8948.58,8953.35,8951.63,9000.0,9000.0,8700.0,5400.0
2024-09-16,4000.0,4745.0,4070.0,4217.54,4170.88,3980.0,5577.48,6900.0,6900.0,6900.0,6900.0,5590.28,5565.55,5588.41,5590.81,5600.0,5600.0,9000.0,9000.0,9000.0,9000.0,9000.0,9000.0,6900.0
2024-09-17,5543.08,4745.0,4737.0,4359.0,4600.0,4745.0,5578.66,6900.0,6900.0,6900.0,5880.0,3020.0,1120.0,1120.0,2950.0,4500.0,5600.0,8947.1,9000.0,9000.0,9000.0,9000.0,8949.01,5925.0
2024-09-18,4000.0,4599.0,4340.0,4401.0,4745.0,4745.0,4862.0,6900.0,6900.0,6900.0,6800.0,5514.36,3980.0,3980.0,4970.0,5587.98,5600.0,8700.0,9000.0,9000.0,9000.0,9000.0,8500.0,5400.0
2024-09-19,4000.0,3040.0,3040.0,4011.0,3594.0,3040.0,5230.0,5880.0,6800.0,5380.0,2450.0,900.0,405.0,405.0,378.0,1450.0,3150.0,8500.0,9000.0,9000.0,9000.0,9000.0,8400.0,5400.0
2024-09-20,3980.0,4340.0,3959.0,3980.0,3500.0,4246.0,4555.0,6800.0,6600.0,1554.0,1300.0,378.0,100.0,100.0,250.0,1105.0,2700.0,7000.0,8946.56,9000.0,9000.0,8900.0,8300.0,6851.35
2024-09-21,5543.16,4340.0,3667.0,3679.0,3730.0,3240.0,4300.0,6800.0,6800.0,3950.0,2750.0,1373.0,405.0,405.0,405.0,2989.0,3020.0,8952.09,8947.95,8900.0,8951.77,8900.0,8900.0,6874.33
2024-09-22,5600.0,5542.64,5253.0,4330.0,4340.0,4745.0,4340.0,6800.0,6800.0,3039.0,3000.0,100.0,300.0,554.0,1119.0,3700.0,3200.0,8700.0,8900.0,8900.0,9000.0,8900.0,8900.0,6878.65
2024-09-23,5557.04,4745.0,3980.0,4570.0,4348.35,4340.0,5581.93,6900.0,6900.0,6800.0,4650.0,990.0,100.0,990.0,1050.0,3000.0,3150.0,8300.0,9000.0,9000.0,9000.0,9000.0,8900.0,6877.62
2024-09-24,5600.0,5291.0,4745.0,4755.0,4776.0,4716.0,5600.0,6900.0,6900.0,6602.0,2998.0,1049.0,1049.0,1049.0,1050.0,3150.0,4630.0,6000.0,9000.0,9000.0,9000.0,9000.0,8900.0,6876.98
2024-09-25,5542.88,4550.0,3980.0,3980.0,4188.0,4000.0,4340.0,6842.18,6900.0,6800.0,5350.0,1493.0,1049.0,1493.0,1493.0,3000.0,5567.43,8943.69,9000.0,9000.0,9000.0,9000.0,8900.0,6873.98
2024-09-26,1500.0,3040.0,1497.0,1497.0,1497.0,3040.0,3980.0,6900.0,6900.0,6900.0,5380.0,1493.0,1046.0,1493.0,1493.0,3000.0,5600.0,8948.2,9000.0,9000.0,9000.0,9000.0,8200.0,6800.0
2024-09-27,3980.0,3980.0,1939.0,3400.0,3400.0,3400.0,3980.0,6873.73,6874.51,6877.93,3800.0,1390.0,953.0,953.0,1390.0,3150.0,5527.96,8921.14,9000.0,9000.0,9000.0,9000.0,8955.13,6875.78
2024-09-28,5538.38,3980.0,4340.0,3980.0,3980.0,4000.0,5543.19,6868.4,6800.0,4499.0,2840.0,1840.0,1390.0,1390.0,1389.0,2800.0,4650.0,9000.0,9000.0,9000.0,9000.0,9000.0,8917.62,6848.44
2024-09-29,5558.84,4300.0,3900.0,3980.0,3980.0,3900.0,4745.0,6800.0,6832.43,5380.0,3979.0,2799.0,1939.0,1939.0,3980.0,4980.0,5600.0,9000.0,9000.0,9000.0,9000.0,9000.0,8952.39,6800.0
2024-09-30,5543.22,3900.0,1939.0,1939.0,1939.0,2000.0,1939.0,4138.0,5300.0,6750.0,5380.0,4000.0,3980.0,4350.0,3980.0,3980.0,3592.04,5480.0,8900.0,9000.0,9000.0,8953.23,7700.0,6700.0
2024-10-01,5543.37,3700.0,1939.0,3040.0,2995.0,3040.0,2680.0,5880.0,6900.0,5880.0,5380.0,4700.0,3950.0,3199.0,2562.0,3040.0,4350.0,6500.0,8800.0,8900.0,8945.32,8400.0,5000.0,2000.0
2024-10-02,1390.0,999.99,450.0,433.0,450.0,1240.0,1150.0,4180.0,4180.0,3040.0,2050.0,1340.0,490.0,1340.0,1840.0,2994.0,4000.0,8850.0,8400.0,8900.0,8900.0,8900.0,5980.0,1939.0
2024-10-03,1390.0,385.0,250.0,249.44,250.0,940.0,999.0,5000.0,5500.0,4180.0,3039.0,1339.0,1339.0,1325.0,1339.0,1850.0,3290.0,5750.0,8100.0,8350.0,8900.0,8100.0,4180.0,1500.0
2024-10-04,1390.0,350.0,150.0,130.0,133.0,1000.0,1390.0,4680.0,6447.18,5380.0,5000.0,1832.0,1318.0,900.0,1832.0,3000.0,3000.0,4000.0,7000.0,8100.0,8100.0,8100.0,3800.0,1390.0
2024-10-05,1390.0,250.0,100.0,100.0,100.0,240.0,219.44,1850.0,4000.0,3200.0,3900.0,1828.0,1290.0,250.0,1750.0,3287.44,3900.0,4900.0,6485.0,7000.0,8000.0,7500.0,5000.0,3300.0
2024-10-06,3980.0,1500.0,200.0,100.0,100.0,1390.0,1390.0,3200.0,4680.0,5880.0,5600.0,3200.0,3287.44,3287.44,3785.66,4650.0,5600.0,4980.0,6500.0,8000.0,8000.0,8945.96,8948.61,3980.0
2024-10-07,4340.0,3000.0,1500.0,1500.0,1500.0,3300.0,5540.65,6900.0,6900.0,6900.0,6895.64,5568.01,5564.1,5565.78,5567.84,5567.3,5565.21,7000.0,8500.0,8948.94,9000.0,8952.44,8500.0,3900.0
2024-10-08,3900.0,1450.0,1450.0,350.0,1099.67,3600.0,5000.0,6900.0,6900.0,6800.0,4250.0,1750.0,1290.0,1750.0,2500.0,3700.0,4650.0,7000.0,8944.58,9000.0,9000.0,9000.0,8951.31,4780.0
2024-10-09,290.0,100.0,98.0,80.0,90.0,100.0,3900.0,6900.0,6877.19,4500.0,2500.0,100.0,100.0,1740.0,1000.0,1350.0,3450.0,5975.0,8900.0,8900.0,8900.0,8953.14,8900.0,3100.0
2024-10-10,4500.0,1134.5,300.0,100.0,100.0,1134.5,5530.0,6900.0,6900.0,6900.0,5880.0,3000.0,1000.0,3000.0,2950.0,3200.0,5500.0,8952.12,9000.0,9000.0,9000.0,9000.0,9000.0,6872.28
2024-10-11,5530.0,4745.0,3900.0,1850.0,2380.0,4340.0,5581.58,6900.0,6900.0,6900.0,6900.0,5400.0,4650.0,4650.0,4980.0,5400.0,5600.0,9000.0,9000.0,9000.0,9000.0,9000.0,9000.0,6848.01
2024-10-12,5538.0,5530.0,5530.0,5530.0,5530.0,5530.0,5525.0,6785.0,6790.0,6858.26,6790.0,5535.0,5535.0,5535.0,5535.0,5535.0,5540.0,8947.45,9000.0,9000.0,9000.0,9000.0,8940.0,6835.0
2024-10-13,257.0,2550.0,100.0,100.0,100.0,100.0,98.0,1323.0,3150.0,3150.0,2736.0,2650.0,2160.0,1700.0,1650.0,1650.0,2000.0,5975.0,8949.49,9000.0,9000.0,9000.0,8950.64,5180.0
2024-10-14,4340.0,3980.0,1909.0,300.0,1055.0,3000.0,4700.0,6900.0,6900.0,6890.0,4417.0,4350.0,3950.0,3950.0,3980.0,4350.0,4407.0,7101.9,8949.4,9000.0,9000.0,9000.0,8953.31,6848.48
2024-10-15,4340.0,4745.0,4340.0,3900.0,3980.0,5180.0,5544.39,6900.0,6900.0,6900.0,5380.0,4980.0,5514.75,5564.77,5564.46,5570.0,5600.0,8947.54,8942.67,9000.0,9000.0,9000.0,9000.0,6847.35
2024-10-16,3900.0,4300.0,3900.0,2050.0,2108.0,3980.0,4700.0,5380.0,6800.0,5880.0,4680.0,4350.0,3960.0,4350.0,3960.0,3700.0,3500.0,5500.0,8900.0,9000.0,9000.0,9000.0,8900.0,5550.0
2024-10-17,3980.0,3900.0,2050.0,2000.0,1054.0,2998.99,4745.0,4680.0,6800.0,4600.0,3400.0,3400.0,2920.0,2980.0,3000.0,2920.0,2550.0,5400.0,8900.0,9000.0,9000.0,8948.28,8948.08,6847.75
2024-10-18,5500.0,5530.0,5530.0,4745.0,4500.0,5530.0,5541.55,6780.0,6800.0,6760.0,3980.0,2997.0,2650.0,2965.0,2997.0,2997.0,4850.0,8860.0,8945.99,9000.0,8949.59,8950.31,8951.22,6850.87
2024-10-19,5600.0,5600.0,5600.0,5543.43,5539.56,5540.15,5600.0,5880.0,6900.0,6874.44,6835.25,4350.0,2480.0,3000.0,4980.0,5567.63,5600.0,9000.0,9000.0,9000.0,9000.0,9000.0,8951.81,6900.0
2024-10-20,5577.18,5580.67,5541.38,5180.0,4745.0,5180.0,4745.0,4200.0,5000.0,4000.0,2010.0,2140.0,1920.0,2036.0,2050.0,3000.0,2650.0,8900.0,8900.0,8951.22,9000.0,9000.0,8900.0,6877.46
2024-10-21,5600.0,5543.68,5180.0,4745.0,4700.0,4745.0,4500.0,5000.0,6900.0,5380.0,3000.0,3400.0,2550.0,2550.0,2130.0,4099.0,5562.43,9000.0,8950.89,9000.0,9000.0,8900.0,8500.0,6874.02
2024-10-22,5542.12,5537.7,4921.0,3980.0,4340.0,5180.0,5530.0,6900.0,6900.0,6790.0,5350.0,3910.0,3904.0,3899.0,3887.0,3900.0,5520.0,8900.0,8900.0,9000.0,8900.0,8900.0,8890.0,6830.0
2024-10-23,4340.0,4745.0,4340.0,3268.0,3900.0,4340.0,4340.0,6840.0,6900.0,6830.0,5315.0,3909.0,3850.0,3400.0,3000.0,3931.0,5550.45,8888.0,8888.0,8888.0,8888.0,8850.0,8500.0,6000.0
2024-10-24,5180.0,5100.0,4340.0,3980.0,4000.0,5495.0,4700.0,6020.0,6900.0,6860.38,5690.0,4650.0,2998.0,2998.0,2963.0,3144.8,4500.0,8700.0,8900.0,9000.0,9000.0,8850.0,8600.0,6805.0
2024-10-25,5535.0,5180.0,4600.0,3579.99,4000.0,5180.0,5180.0,6790.0,6900.0,6900.0,6862.72,4980.0,3880.0,3880.0,3880.0,4650.0,4650.0,8800.0,8900.0,9000.0,9000.0,8600.0,8200.0,6700.0
2024-10-26,5535.0,5535.0,5180.0,4000.0,4000.0,4745.0,5535.0,6790.0,6800.0,6859.47,6830.0,3880.0,2550.0,2499.0,2998.0,3880.0,5520.0,9000.0,8900.0,9000.0,9000.0,8944.22,8600.0,6830.0
2024-10-27,5535.0,5535.0,5180.0,4340.0,4340.0,4340.0,5180.0,5550.0,5380.0,4800.0,4179.0,2600.0,2350.0,2010.0,2499.0,4650.0,5600.0,5600.0,8875.0,8900.0,8952.55,8900.0,8600.0,6975.0
2024-10-28,4745.0,4340.0,3980.0,2550.0,3850.0,3980.0,5535.0,6900.0,6900.0,6900.0,6900.0,5538.34,4980.0,5510.0,5568.46,5564.37,5600.0,9000.0,9000.0,9000.0,9000.0,8952.35,8830.0,6000.0
2024-10-29,5530.0,4900.0,4340.0,2550.0,3980.0,4340.0,5535.0,6800.0,6900.0,6900.0,6780.0,5530.0,5400.0,5530.0,5535.0,5566.23,5600.0,9000.0,9000.0,9000.0,9000.0,8900.0,8830.0,6830.0
2024-10-30,5535.0,5530.0,5180.0,4340.0,4745.0,5530.0,5535.0,6780.0,6900.0,6900.0,6780.0,5535.0,5530.0,5530.0,5542.0,5600.0,5600.0,9000.0,9000.0,9000.0,9000.0,8580.0,8890.0,6830.0
2024-10-31,5530.0,5530.0,4427.0,4000.0,4173.0,4741.0,4982.0,6700.0,6900.0,6900.0,6876.28,5535.0,5535.0,5535.0,5535.0,5563.62,5600.0,8900.0,9000.0,9000.0,8900.0,8580.0,8700.0,6830.0
2024-11-01,5180.0,4340.0,3500.0,3000.0,3000.0,3980.0,4368.0,4680.0,5599.0,5880.0,5350.0,3879.0,3879.0,3550.0,3850.0,4650.0,5566.51,8810.0,8900.0,8900.0,8810.0,8000.0,5980.0,4494.0
2024-11-02,5100.0,4340.0,2950.0,2550.0,2950.0,3400.0,3980.0,4680.0,5189.0,4700.0,4679.0,4350.0,3400.0,4650.0,4650.0,5510.0,5600.0,8890.0,8890.0,8890.0,8890.0,8600.0,6800.0,6795.0
2024-11-03,4745.0,3980.0,2550.0,2050.0,2050.0,3000.0,3198.0,3000.0,2998.0,2998.0,2998.0,2998.0,2950.0,2998.0,3844.0,5510.0,5565.94,8890.0,8890.0,8890.0,8890.0,8890.0,8910.0,6835.0
2024-11-04,5100.0,4000.0,2550.0,1100.0,2050.0,3197.0,3800.0,6840.0,6900.0,6900.0,6900.0,5562.48,5535.0,5535.0,5541.54,5600.0,5600.0,8949.96,8890.0,8890.0,8890.0,8700.0,8910.0,6835.0
2024-11-05,2986.0,2550.0,2986.0,2050.0,2550.0,2986.0,3980.0,4680.0,5825.0,5200.0,3200.0,3864.0,2850.0,2550.0,3864.0,5539.78,5600.0,8952.81,8943.61,8900.0,8700.0,7800.0,8100.0,5180.0
2024-11-06,2986.0,2950.0,2680.0,2050.0,2050.0,2680.0,3698.0,5880.0,6800.0,5600.0,3599.0,2500.0,2549.0,3000.0,3699.0,5550.0,5600.0,9000.0,8955.01,8900.0,8900.0,8800.0,7000.0,4780.0
2024-11-07,3980.0,3978.0,2986.0,2550.0,2986.0,2800.0,3980.0,6800.0,6800.0,3600.0,2998.0,3689.0,2549.0,2535.0,3800.0,5567.44,5600.0,8950.36,8917.17,8900.0,8900.0,8900.0,7300.0,6841.85
2024-11-08,4340.0,3970.0,2800.0,2800.0,3795.0,3795.0,3978.0,6800.0,6860.07,6799.0,4679.0,3499.0,3799.0,3844.0,5152.37,5563.2,5600.0,8930.0,8930.0,8900.0,8400.0,6203.0,7300.0,4780.0
2024-11-09,3970.0,3000.0,2500.0,2500.0,2500.0,2000.0,2800.0,4680.0,6850.0,6850.0,6858.07,5514.0,4649.0,4650.0,5542.31,5538.47,5600.0,8940.0,8940.0,8940.0,8700.0,6400.0,7800.0,4340.0
2024-11-10,3100.0,2800.0,1500.0,1000.0,1000.0,1800.0,800.0,2950.0,3450.0,2450.0,2450.0,2250.0,2250.0,2250.0,3844.0,5530.0,5568.85,8940.0,8940.0,8940.0,8900.0,7800.0,7800.0,4780.0
2024-11-11,3794.0,2900.0,2500.0,2500.0,2800.0,2900.0,4340.0,6800.0,6900.0,6900.0,6900.0,5569.83,5563.46,5565.91,5588.54,5600.0,5600.0,8952.63,8940.0,8940.0,8900.0,8846.75,8947.58,6852.68
2024-11-12,4745.0,3964.0,3800.0,3794.0,3800.0,3964.0,4745.0,6872.6,6900.0,6900.0,6900.0,5600.0,5600.0,5600.0,5600.0,5600.0,5600.0,9000.0,9000.0,8951.91,8952.18,8949.77,8942.58,6842.98
2024-11-13,3970.0,2800.0,2000.0,1900.0,2000.0,2500.0,3970.0,6900.0,6900.0,6900.0,6900.0,5600.0,5600.0,5600.0,5600.0,5600.0,5600.0,9000.0,9000.0,9000.0,9000.0,8948.13,8940.0,5600.0
2024-11-14,4340.0,3970.0,3800.0,2500.0,3550.0,3955.0,3955.0,5380.0,6900.0,6900.0,6900.0,5600.0,5591.21,5600.0,5600.0,5600.0,5600.0,9000.0,8951.28,8940.0,8940.0,7500.0,7800.0,5600.0
2024-11-15,3970.0,3100.0,2500.0,2049.0,2049.0,3800.0,3795.0,5380.0,6900.0,6900.0,6900.0,5600.0,5600.0,5600.0,5600.0,5600.0,5600.0,8944.14,8900.0,8788.0,6975.0,4980.0,5500.0,4340.0
2024-11-16,3955.0,2500.0,2000.0,700.0,500.0,2000.0,800.0,2000.0,3850.0,4500.0,3870.0,3150.0,3150.0,3150.0,3870.0,5537.01,5600.0,8800.0,8600.0,8000.0,6000.0,4980.0,4980.0,3970.0
2024-11-17,3970.0,4328.0,4328.0,3970.0,3970.0,3970.0,3000.0,2000.0,2100.0,2998.0,2499.0,2000.0,1999.0,1999.0,2000.0,4650.0,5600.0,8800.0,8600.0,8800.0,8100.0,5980.0,5000.0,4340.0
2024-11-18,4340.0,2980.0,2000.0,2000.0,2000.0,2980.0,5180.0,6900.0,6900.0,6900.0,6900.0,5600.0,5600.0,5600.0,5600.0,5600.0,5600.0,9000.0,9000.0,9000.0,9000.0,9000.0,9000.0,6900.0
2024-11-19,5544.3,4328.0,3970.0,3200.0,3700.0,4000.0,5180.0,6900.0,6900.0,6900.0,6900.0,5550.0,5516.43,5600.0,5600.0,5600.0,5600.0,9000.0,9000.0,9000.0,9000.0,9000.0,8953.43,6873.64
2024-11-20,5180.0,3944.0,2500.0,2000.0,2000.0,3000.0,3970.0,5380.0,6900.0,6900.0,6900.0,5600.0,5600.0,5600.0,5600.0,5600.0,5600.0,9000.0,9000.0,9000.0,8948.4,6975.0,8947.09,6876.86
2024-11-21,4340.0,3000.0,2500.0,2500.0,2500.0,3944.0,3100.0,4680.0,6900.0,6900.0,6900.0,5600.0,5600.0,5600.0,5600.0,5600.0,5600.0,9000.0,9000.0,8952.19,8800.0,6500.0,8945.58,6847.69
2024-11-22,5542.11,3970.0,3970.0,2980.0,3944.0,3944.0,3944.0,4680.0,6874.7,6900.0,6900.0,5600.0,5600.0,5600.0,5600.0,5600.0,5600.0,9000.0,9000.0,8950.8,8600.0,5400.0,7000.0,5400.0
2024-11-23,3944.0,2970.0,2500.0,2000.0,500.0,1972.0,940.0,2450.0,4800.0,5880.0,5807.0,4800.0,4800.0,4812.69,5563.38,5600.0,5600.0,8800.0,8600.0,8300.0,7600.0,5980.0,5029.0,3970.0
2024-11-24,2890.0,1930.0,1727.27,1000.0,290.0,1930.0,300.0,920.0,1200.0,1818.18,1750.0,1909.09,1750.0,1930.0,2986.0,4650.0,5568.15,8800.0,8800.0,8940.0,8687.0,7100.0,5700.0,3970.0
2024-11-25,2950.0,2000.0,2000.0,1000.0,219.0,2000.0,1055.0,2950.0,4600.0,3499.0,2986.0,2409.0,2409.0,2000.0,3499.0,5500.0,5600.0,8600.0,8000.0,8100.0,7400.0,5400.0,5000.0,3970.0
2024-11-26,3970.0,2900.0,2900.0,2500.0,2500.0,2900.0,2900.0,4680.0,6800.0,4680.0,3850.0,3450.0,2986.0,3870.0,4812.69,5564.94,5600.0,8800.0,8800.0,8500.0,8953.9,8900.0,7030.0,3970.0
2024-11-27,4340.0,3970.0,3970.0,3850.0,3944.0,3944.0,3944.0,5880.0,6900.0,6900.0,6900.0,5600.0,5600.0,5600.0,5600.0,5600.0,5600.0,9000.0,8952.38,8917.54,8930.0,8900.0,7800.0,4800.0
2024-11-28,3935.0,2890.0,2500.0,2000.0,2000.0,2500.0,3935.0,5380.0,6850.0,6900.0,6861.22,4980.0,4650.0,5000.0,5600.0,5600.0,5600.0,8800.0,8800.0,8600.0,8900.0,8300.0,7400.0,4780.0
2024-11-29,3944.0,3178.0,2500.0,2500.0,2500.0,2600.0,3000.0,4680.0,6850.0,6850.0,6850.0,5563.56,5541.44,5600.0,5600.0,5600.0,5600.0,8800.0,8700.0,8100.0,8000.0,6900.0,5980.0,4340.0
2024-11-30,3944.0,2800.0,2500.0,2000.0,1990.0,2000.0,2500.0,2000.0,4400.0,4680.0,5380.0,4980.0,4650.0,4900.0,4980.0,5500.0,5500.0,8400.0,8000.0,5980.0,5500.0,4980.0,4792.0,3900.0
2024-12-01,5535.0,5500.0,5500.0,5500.0,5350.0,5350.0,5350.0,5906.0,5480.0,5998.0,6835.12,5542.18,5538.01,5538.65,5563.93,5500.0,5552.37,8300.0,8450.0,8880.0,8953.96,9000.0,8950.99,6830.0
2024-12-02,5180.0,4340.0,4340.0,4340.0,4340.0,4340.0,5480.0,6846.81,6900.0,6900.0,6900.0,5510.0,5510.0,5510.0,5510.0,5600.0,5600.0,8300.0,8100.0,8339.0,8340.0,8300.0,8100.0,6780.0
2024-12-03,5535.0,4340.0,3890.0,3890.0,3890.0,3925.0,5535.0,6876.54,6900.0,6900.0,6900.0,5600.0,5600.0,5600.0,5600.0,5600.0,5600.0,8900.0,8900.0,8900.0,8500.0,8300.0,7990.0,6835.0
2024-12-04,5180.0,3875.0,3760.0,3760.0,3760.0,3875.0,5000.0,6840.0,6900.0,6900.0,6900.0,5600.0,5600.0,5600.0,5600.0,5600.0,5600.0,8800.0,8700.0,8800.0,8300.0,7600.0,7470.0,6835.0
2024-12-05,5540.87,3925.0,3800.0,2890.0,2890.0,3925.0,5180.0,6790.0,6900.0,6900.0,6900.0,5600.0,5600.0,5600.0,5600.0,5600.0,5600.0,9000.0,9000.0,9000.0,8952.79,8500.0,8300.0,6877.31
2024-12-06,5600.0,4372.0,3925.0,3924.0,3925.0,4745.0,4745.0,6900.0,6900.0,6900.0,6900.0,5600.0,5600.0,5600.0,5600.0,5600.0,5600.0,9000.0,9000.0,8943.96,8940.0,8700.0,8600.0,6790.0
2024-12-07,4340.0,3924.0,3099.0,2500.0,2500.0,2890.0,3100.0,2450.0,6740.75,6900.0,6900.0,5600.0,5600.0,5600.0,5600.0,5600.0,5600.0,8500.0,7736.0,7880.0,7974.0,6212.0,6406.0,4742.0
2024-12-08,3924.0,2500.0,2000.0,2000.0,1799.0,2000.0,2500.0,2500.0,4150.0,5850.0,6875.8,5600.0,5600.0,5538.35,5600.0,5600.0,5600.0,8944.44,8940.0,8200.0,7522.0,6945.0,6299.0,4500.0
2024-12-09,3920.0,2500.0,2450.0,2000.0,2000.0,2500.0,2500.0,4180.0,6859.8,6900.0,6900.0,5600.0,5600.0,5600.0,5600.0,5600.0,5600.0,8200.0,5980.0,5980.0,8200.0,7540.0,8700.0,6235.99
2024-12-10,5544.24,4340.0,4334.0,3844.0,3920.0,4340.0,3920.0,6800.0,6900.0,6900.0,6900.0,5600.0,5600.0,5600.0,5600.0,5600.0,5600.0,9000.0,9000.0,8949.81,8950.48,8917.97,8900.0,6876.33
2024-12-11,5180.0,3920.0,2890.0,2500.0,2500.0,3920.0,3920.0,6843.07,6900.0,6900.0,6900.0,5600.0,5600.0,5600.0,5600.0,5600.0,5600.0,9000.0,9000.0,9000.0,8950.14,8946.22,8946.23,5840.0
2024-12-12,5539.73,4320.0,3898.0,2890.0,2890.0,4320.0,3920.0,6870.06,6900.0,6900.0,6900.0,5600.0,5600.0,5600.0,5600.0,5600.0,5600.0,9000.0,9000.0,9000.0,9000.0,9000.0,8950.49,6878.05
2024-12-13,5542.17,4320.0,3920.0,3920.0,3920.0,4745.0,4320.0,6800.0,6873.78,6858.71,6500.0,4349.0,3970.0,4650.0,5600.0,5600.0,5600.0,9000.0,8952.59,8947.37,8900.0,8900.0,8700.0,6850.52
2024-12-14,5600.0,5539.61,4745.0,4304.0,4320.0,5537.69,5544.22,5600.0,6800.0,4615.0,3905.0,2998.0,2998.0,3905.0,5562.45,5600.0,5600.0,8900.0,8900.0,8700.0,8900.0,8500.0,7999.0,4780.0
2024-12-15,5541.97,4413.0,3849.0,3000.0,2890.0,3849.0,4320.0,4115.0,6500.0,6879.1,6900.0,5600.0,5600.0,5600.0,5600.0,5600.0,5600.0,8950.79,8949.37,8945.98,8950.67,8950.0,8950.95,5450.0
2024-12-16,4745.0,3920.0,2890.0,2500.0,2500.0,3849.0,5059.63,6877.41,6879.59,6900.0,6900.0,5600.0,5600.0,5600.0,5600.0,5600.0,5600.0,8947.91,8952.31,8950.17,8915.45,8952.75,8917.5,6875.76
2024-12-17,4320.0,3920.0,2500.0,2000.0,2500.0,3748.0,4320.0,5600.0,5600.0,6857.7,6830.0,5600.0,5600.0,5600.0,5600.0,5600.0,5600.0,8940.0,8940.0,8940.0,8940.0,8940.0,8500.0,6027.0
2024-12-18,3548.25,3849.0,2500.0,2500.0,2500.0,3920.0,3920.0,4180.0,5600.0,5600.0,4000.0,3800.0,3350.0,3600.0,4000.0,5400.0,5562.61,8900.0,8800.0,8800.0,8600.0,8600.0,8600.0,5600.0
2024-12-19,4304.0,5400.0,4320.0,4304.0,3920.0,4320.0,4000.0,4680.0,6877.93,6872.62,6830.0,3970.0,3050.0,3900.0,5538.8,5600.0,5600.0,8900.0,8900.0,8850.0,8200.0,4980.0,4980.0,4320.0
2024-12-20,4000.0,4000.0,3000.0,2890.0,3000.0,3849.0,3500.0,5267.0,6830.0,6830.0,5600.0,3970.0,3800.0,4200.0,5565.7,5600.0,5600.0,8900.0,8850.0,8500.0,8400.0,7174.47,5638.5,4320.0
2024-12-21,3849.0,3800.0,3885.0,3000.0,3000.0,2678.0,2500.0,2678.0,5410.0,6830.0,6876.99,5600.0,5565.36,5565.56,5538.68,5563.2,5600.0,8900.0,8300.0,8000.0,6701.0,5000.0,4945.0,3500.0
2024-12-22,3885.0,2890.0,2890.0,2890.0,2890.0,2890.0,2890.0,2678.0,4200.0,5845.0,3935.0,3300.0,3300.0,3300.0,3935.0,5500.0,5600.0,8900.0,8900.0,8600.0,8900.0,8951.62,8600.0,5145.0
2024-12-23,4270.0,3849.0,3870.0,3870.0,3870.0,3849.0,4270.0,5800.0,6900.0,6900.0,6900.0,5600.0,5600.0,5600.0,5600.0,5600.0,5600.0,8900.0,8900.0,8949.16,8953.34,8949.87,8947.31,4752.0
2024-12-24,3000.0,2678.0,2500.0,2000.0,2000.0,2500.0,2890.0,4307.0,5380.0,6878.48,6830.0,4500.0,4500.0,4500.0,5516.76,5514.2,5600.0,8600.0,8900.0,8900.0,8900.0,8600.0,8600.0,3970.0
2024-12-25,3500.0,2890.0,2678.0,2500.0,2500.0,2890.0,2890.0,3000.0,4200.0,5550.0,5380.0,4295.0,4295.0,4295.0,4650.0,4650.0,5320.0,8800.0,8800.0,8500.0,6975.0,8800.0,5600.0,4200.0
2024-12-26,5600.0,2890.0,2500.0,2500.0,2500.0,3800.0,4320.0,6900.0,6900.0,6900.0,6900.0,5600.0,5600.0,5600.0,5600.0,5600.0,5600.0,9000.0,9000.0,9000.0,9000.0,9000.0,9000.0,6900.0
2024-12-27,3920.0,3800.0,2390.0,2390.0,2390.0,3480.0,4745.0,5380.0,6900.0,6900.0,6900.0,5600.0,5600.0,5600.0,5600.0,5600.0,5600.0,9000.0,8946.64,8800.0,9000.0,8953.61,5980.0,6842.97
2024-12-28,5538.94,4320.0,3920.0,2890.0,2890.0,3920.0,4320.0,4680.0,5893.0,6900.0,6900.0,5600.0,5600.0,5600.0,5600.0,5600.0,5600.0,9000.0,8950.29,8951.45,8800.0,8953.83,8300.0,6877.5
2024-12-29,5543.26,5180.0,4745.0,3920.0,3920.0,4320.0,4745.0,4680.0,6879.83,6900.0,6900.0,5600.0,5600.0,5600.0,5600.0,5600.0,5600.0,9000.0,9000.0,9000.0,8948.34,8900.0,8917.58,6873.97
2024-12-30,3800.0,3500.0,2890.0,2678.0,2700.0,2900.0,3920.0,4680.0,6900.0,6900.0,6900.0,5600.0,5600.0,5600.0,5600.0,5600.0,5600.0,9000.0,9000.0,8951.83,8605.0,8300.0,8400.0,6500.0
2024-12-31,3000.0,2678.0,2500.0,2500.0,2500.0,2500.0,2700.0,2500.0,4300.0,4300.0,3970.0,3800.0,3050.0,3500.0,3970.0,5300.0,5567.88,8400.0,8200.0,8000.0,6000.0,4980.0,4980.0,5500.0
